Workbook

Sheet Port Number
A1: BRAKE | B1: 0
A2: BILBAO | B2: 1
A3: ROTTERDAM | B3: 2
A4: CARTAGENA | B4: 3
A5: LIVERPOOL | B5: 4
A6: ANTWERP | B6: 5
A7: ZEEBRUGGE | B7: 6
A8: HAMBURG | B8: 7
A9: TALLINN | B9: 8
A10: ALGECIRAS | B10: 9
A11: HUELVA | B11: 10
A12: LA PALLICE | B12: 11
... A39: GENOA | B39: 38

Sheet Distance within the ECA
B1: BRAKE | E1: BILBAO | H1: ROTTERDAM | K1: CARTAGENA | N1: LIVERPOOL | Q1: ANTWERP | T1: ZEEBRUGGE | W1: HAMBURG | Z1: TALLINN | AC1: ALGECIRAS | AF1: HUELVA | AI1: LA PALLICE | AL1: MONTOIR DE BRETAGNE | AO1: DUNKIRK | AR1: TEESPORT | AU1: VLISSINGEN | AX1: GDANSK | BA1: MO I RANA | BD1: STAVANGER | BG1: LISBON | BJ1: SETUBAL | BM1: ORESUND | BP1: MALMO | BS1: HELSINGBORG | BV1: SINES | BY1: TILBURY | CB1: KLAIPEDA | CE1: FALMOUTH | CH1: LAS PALMAS | CK1: SANTANDER | CN1: VIGO | CQ1: EMDEN | CT1: CADIZ | CW1: LA SPEZIA | CZ1: THISVI | DC1: VADO LIGURE | DF1: RAVENNA | DI1: ANCONA | DL1: GENOA
A2: BRAKE | B2: 0 | C2: 0 | D2: 0 | E2: 637 | F2: 610 | G2: 536 | H2: 252 | I2: 255 | J2: 250 | K2: 637 | L2: 609 | M2: 536 | N2: 609 | O2: 571 | P2: 536 | Q2: 323 | R2: 323 | S2: 323 | T2: 296 | U2: 296 | V2: 296 | W2: 117 | X2: 117 | Y2: 117 | Z2: 750 | AA2: 750 | AB2: 750 | AC2: 637 | AD2: 609 | AE2: 536 | AF2: 637 | AG2: 609 | AH2: 536 | AI2: 637 | AJ2: 609 | AK2: 536 | AL2: 637 | AM2: 609 | AN2: 536 | AO2: 327 | AP2: 327 | AQ2: 327 | AR2: 388 | AS2: 383 | AT2: 378 | AU2: 305 | AV2: 300 | AW2: 297 | AX2: 495 | AY2: 490 | AZ2: 487 | BA2: 576 | BB2: 543 | BC2: 536 | BD2: 385 | BE2: 382 | BF2: 379 | BG2: 637 | BH2: 609 | BI2: 536 | BJ2: 637 | BK2: 609 | BL2: 536 | BM2: 405 | BN2: 400 | BO2: 396 | BP2: 305 | BQ2: 300 | BR2: 293 | BS2: 320 | BT2: 315 | BU2: 313 | BV2: 637 | BW2: 609 | BX2: 536 | BY2: 370 | BZ2: 366 | CA2: 364 | CB2: 540 | CC2: 536 | CD2: 532 | CE2: 612 | CF2: 609 | CG2: 560 | CH2: 637 | CI2: 609 | CJ2: 536 | CK2: 637 | CL2: 609 | CM2: 536 | CN2: 637 | CO2: 609 | CP2: 536 | CQ2: 135 | CR2: 130 | CS2: 127 | CT2: 637 | CU2: 609 | CV2: 536 | CW2: 637 | CX2: 609 | CY2: 536 | CZ2: 637 | DA2: 609 | DB2: 536 | DC2: 637 | DD2: 609 | DE2: 536 | DF2: 637 | DG2: 609 | DH2: 536 | DI2: 637 | DJ2: 609 | DK2: 536 | DL2: 637 | DM2: 609 | DN2: 536
A3: BILBAO | B3: =E2 -> 637 | C3: =F2 -> 610 | D3: =G2 -> 536 | E3: 0 | F3: 0 | G3: 0 | H3: 405 | I3: 388 | J3: 378 | K3: 0 | L3: 0 | M3: 0 | N3: 0 | O3: 0 | P3: 0 | Q3: 403 | R3: 385 | S3: 375 | T3: 367 | U3: 349 | V3: 339 | W3: 674 | X3: 657 | Y3: 647 | Z3: 1307 | AA3: 1280 | AB3: 1085 | AC3: 0 | AD3: 0 | AE3: 0 | AF3: 0 | AG3: 0 | AH3: 0 | AI3: 0 | AJ3: 0 | AK3: 0 | AL3: 0 | AM3: 0 | AN3: 0 | AO3: 337 | AP3: 320 | AQ3: 309 | AR3: 586 | AS3: 560 | AT3: 295 | AU3: 377 | AV3: 361 | AW3: 350 | AX3: 1043 | AY3: 1017 | AZ3: 901 | BA3: 961 | BB3: 936 | BC3: 0 | BD3: 805 | BE3: 779 | BF3: 210 | BG3: 0 | BH3: 0 | BI3: 0 | BJ3: 0 | BK3: 0 | BL3: 0 | BM3: 818 | BN3: 791 | BO3: 173 | BP3: 849 | BQ3: 822 | BR3: 562 | BS3: 871 | BT3: 843 | BU3: 533 | BV3: 0 | BW3: 0 | BX3: 0 | BY3: 379 | BZ3: 361 | CA3: 352 | CB3: 1088 | CC3: 950 | CD3: 868 | CE3: 54 | CF3: 36 | CG3: 23 | CH3: 0 | CI3: 0 | CJ3: 0 | CK3: 0 | CL3: 0 | CM3: 0 | CN3: 0 | CO3: 0 | CP3: 0 | CQ3: 575 | CR3: 549 | CS3: 505 | CT3: 0 | CU3: 0 | CV3: 0 | CW3: 0 | CX3: 0 | CY3: 0 | CZ3: 0 | DA3: 0 | DB3: 0 | DC3: 0 | DD3: 0 | DE3: 0 | DF3: 0 | DG3: 0 | DH3: 0 | DI3: 0 | DJ3: 0 | DK3: 0 | DL3: 0 | DM3: 0 | DN3: 0
A4: ROTTERDAM | B4: =H2 -> 252 | C4: =I2 -> 255 | D4: =J2 -> 250 | E4: =H3 -> 405 | F4: =I3 -> 388 | G4: =J3 -> 378 | H4: 0 | I4: 0 | J4: 0 | K4: 405 | L4: 387 | M4: 378 | N4: 385 | O4: 381 | P4: 378 | Q4: 75 | R4: 73 | S4: 72 | T4: 60 | U4: 58 | V4: 56 | W4: 290 | X4: 288 | Y4: 287 | Z4: 925 | AA4: 923 | AB4: 920 | AC4: 405 | AD4: 388 | AE4: 378 | AF4: 405 | AG4: 389 | AH4: 378 | AI4: 405 | AJ4: 390 | AK4: 378 | AL4: 405 | AM4: 390 | AN4: 378 | AO4: 95 | AP4: 93 | AQ4: 92 | AR4: 275 | AS4: 273 | AT4: 271 | AU4: 60 | AV4: 58 | AW4: 57 | AX4: 660 | AY4: 658 | AZ4: 656 | BA4: 605 | BB4: 603 | BC4: 378 | BD4: 445 | BE4: 443 | BF4: 442 | BG4: 405 | BH4: 387 | BI4: 378 | BJ4: 405 | BK4: 387 | BL4: 378 | BM4: 460 | BN4: 458 | BO4: 457 | BP4: 465 | BQ4: 463 | BR4: 462 | BS4: 485 | BT4: 483 | BU4: 482 | BV4: 405 | BW4: 389 | BX4: 378 | BY4: 150 | BZ4: 148 | CA4: 145 | CB4: 705 | CC4: 702 | CD4: 701 | CE4: 380 | CF4: 379 | CG4: 376 | CH4: 405 | CI4: 388 | CJ4: 378 | CK4: 405 | CL4: 388 | CM4: 378 | CN4: 405 | CO4: 388 | CP4: 378 | CQ4: 190 | CR4: 189 | CS4: 188 | CT4: 405 | CU4: 388 | CV4: 378 | CW4: 405 | CX4: 387 | CY4: 378 | CZ4: 405 | DA4: 387 | DB4: 378 | DC4: 405 | DD4: 387 | DE4: 378 | DF4: 405 | DG4: 387 | DH4: 378 | DI4: 405 | DJ4: 387 | DK4: 378 | DL4: 405 | DM4: 387 | DN4: 378
A5: CARTAGENA | B5: =K2 -> 637 | C5: =L2 -> 609 | D5: =M2 -> 536 | E5: =K3 -> 0 | F5: =L3 -> 0 | G5: =M3 -> 0 | H5: =K4 -> 405 | I5: =L4 -> 387 | J5: =M4 -> 378 | K5: 0 | L5: 0 | M5: 0 | N5: 0 | O5: 0 | P5: 0 | Q5: 403 | R5: 385 | S5: 375 | T5: 367 | U5: 348 | V5: 339 | W5: 674 | X5: 658 | Y5: 646 | Z5: 1307 | AA5: 1279 | AB5: 1085 | AC5: 0 | AD5: 0 | AE5: 0 | AF5: 0 | AG5: 0 | AH5: 0 | AI5: 0 | AJ5: 0 | AK5: 0 | AL5: 0 | AM5: 0 | AN5: 0 | AO5: 337 | AP5: 320 | AQ5: 309 | AR5: 586 | AS5: 560 | AT5: 295 | AU5: 377 | AV5: 359 | AW5: 350 | AX5: 1043 | AY5: 1016 | AZ5: 902 | BA5: 205 | BB5: 90 | BC5: 0 | BD5: 805 | BE5: 308 | BF5: 210 | BG5: 0 | BH5: 0 | BI5: 0 | BJ5: 0 | BK5: 0 | BL5: 0 | BM5: 818 | BN5: 284 | BO5: 173 | BP5: 849 | BQ5: 631 | BR5: 562 | BS5: 869 | BT5: 602 | BU5: 533 | BV5: 0 | BW5: 0 | BX5: 0 | BY5: 379 | BZ5: 362 | CA5: 351 | CB5: 1088 | CC5: 1061 | CD5: 868 | CE5: 28 | CF5: 23 | CG5: 0 | CH5: 0 | CI5: 0 | CJ5: 0 | CK5: 0 | CL5: 0 | CM5: 0 | CN5: 0 | CO5: 0 | CP5: 0 | CQ5: 575 | CR5: 559 | CS5: 548 | CT5: 0 | CU5: 0 | CV5: 0 | CW5: 0 | CX5: 0 | CY5: 0 | CZ5: 0 | DA5: 0 | DB5: 0 | DC5: 0 | DD5: 0 | DE5: 0 | DF5: 0 | DG5: 0 | DH5: 0 | DI5: 0 | DJ5: 0 | DK5: 0 | DL5: 0 | DM5: 0 | DN5: 0
A6: LIVERPOOL | B6: =N2 -> 609 | C6: =O2 -> 571 | D6: =P2 -> 536 | E6: =N3 -> 0 | F6: =O3 -> 0 | G6: =P3 -> 0 | H6: =N4 -> 385 | I6: =O4 -> 381 | J6: =P4 -> 378 | K6: =N5 -> 0 | L6: =O5 -> 0 | M6: =P5 -> 0 | N6: 0 | O6: 0 | P6: 0 | Q6: 378 | R6: 377 | S6: 375 | T6: 341 | U6: 340 | V6: 339 | W6: 649 | X6: 646 | Y6: 564 | Z6: 1652 | AA6: 1154 | AB6: 1085 | AC6: 0 | AD6: 0 | AE6: 0 | AF6: 0 | AG6: 0 | AH6: 0 | AI6: 0 | AJ6: 0 | AK6: 0 | AL6: 0 | AM6: 0 | AN6: 0 | AO6: 309 | AP6: 305 | AQ6: 301 | AR6: 295 | AS6: 295 | AT6: 295 | AU6: 350 | AV6: 350 | AW6: 350 | AX6: 1016 | AY6: 901 | AZ6: 832 | BA6: 205 | BB6: 125 | BC6: 0 | BD6: 311 | BE6: 307 | BF6: 210 | BG6: 0 | BH6: 0 | BI6: 0 | BJ6: 0 | BK6: 0 | BL6: 0 | BM6: 0 | BN6: 0 | BO6: 0 | BP6: 822 | BQ6: 631 | BR6: 562 | BS6: 608 | BT6: 602 | BU6: 533 | BV6: 0 | BW6: 0 | BX6: 0 | BY6: 356 | BZ6: 355 | CA6: 351 | CB6: 1061 | CC6: 937 | CD6: 868 | CE6: 23 | CF6: 12 | CG6: 0 | CH6: 0 | CI6: 0 | CJ6: 0 | CK6: 0 | CL6: 0 | CM6: 0 | CN6: 0 | CO6: 0 | CP6: 0 | CQ6: 555 | CR6: 548 | CS6: 505 | CT6: 0 | CU6: 0 | CV6: 0 | CW6: 0 | CX6: 0 | CY6: 0 | CZ6: 0 | DA6: 0 | DB6: 0 | DC6: 0 | DD6: 0 | DE6: 0 | DF6: 0 | DG6: 0 | DH6: 0 | DI6: 0 | DJ6: 0 | DK6: 0 | DL6: 0 | DM6: 0 | DN6: 0
A7: ANTWERP | B7: =Q2 -> 323 | C7: =R2 -> 323 | D7: =S2 -> 323 | E7: =Q3 -> 403 | F7: =R3 -> 385 | G7: =S3 -> 375 | H7: =Q4 -> 75 | I7: =R4 -> 73 | J7: =S4 -> 72 | K7: =Q5 -> 403 | L7: =R5 -> 385 | M7: =S5 -> 375 | N7: =Q6 -> 378 | O7: =R6 -> 377 | P7: =S6 -> 375 | Q7: 0 | R7: 0 | S7: 0 | T7: 48 | U7: 48 | V7: 48 | W7: 359 | X7: 359 | Y7: 359 | Z7: 993 | AA7: 993 | AB7: 993 | AC7: 403 | AD7: 386 | AE7: 375 | AF7: 403 | AG7: 388 | AH7: 375 | AI7: 403 | AJ7: 386 | AK7: 375 | AL7: 403 | AM7: 389 | AN7: 375 | AO7: 89 | AP7: 89 | AQ7: 89 | AR7: 314 | AS7: 314 | AT7: 314 | AU7: 26 | AV7: 26 | AW7: 26 | AX7: 729 | AY7: 729 | AZ7: 729 | BA7: 670 | BB7: 669 | BC7: 375 | BD7: 510 | BE7: 510 | BF7: 510 | BG7: 403 | BH7: 385 | BI7: 375 | BJ7: 403 | BK7: 388 | BL7: 375 | BM7: 525 | BN7: 525 | BO7: 525 | BP7: 535 | BQ7: 535 | BR7: 535 | BS7: 555 | BT7: 555 | BU7: 555 | BV7: 403 | BW7: 385 | BX7: 375 | BY7: 153 | BZ7: 153 | CA7: 153 | CB7: 774 | CC7: 774 | CD7: 774 | CE7: 378 | CF7: 377 | CG7: 374 | CH7: 403 | CI7: 387 | CJ7: 375 | CK7: 403 | CL7: 386 | CM7: 375 | CN7: 403 | CO7: 385 | CP7: 375 | CQ7: 261 | CR7: 261 | CS7: 261 | CT7: 403 | CU7: 387 | CV7: 375 | CW7: 403 | CX7: 385 | CY7: 375 | CZ7: 403 | DA7: 386 | DB7: 375 | DC7: 403 | DD7: 385 | DE7: 375 | DF7: 403 | DG7: 385 | DH7: 375 | DI7: 403 | DJ7: 385 | DK7: 375 | DL7: 403 | DM7: 386 | DN7: 375
A8: ZEEBRUGGE | B8: =T2 -> 296 | C8: =U2 -> 296 | D8: =V2 -> 296 | E8: =T3 -> 367 | F8: =U3 -> 349 | G8: =V3 -> 339 | H8: =T4 -> 60 | I8: =U4 -> 58 | J8: =V4 -> 56 | K8: =T5 -> 367 | L8: =U5 -> 348 | M8: =V5 -> 339 | N8: =T6 -> 341 | O8: =U6 -> 340 | P8: =V6 -> 339 | Q8: =T7 -> 48 | R8: =U7 -> 48 | S8: =V7 -> 48 | T8: 0 | U8: 0 | V8: 0 | W8: 333 | X8: 333 | Y8: 333 | Z8: 966 | AA8: 966 | AB8: 966 | AC8: 367 | AD8: 350 | AE8: 339 | AF8: 367 | AG8: 350 | AH8: 339 | AI8: 367 | AJ8: 353 | AK8: 339 | AL8: 352 | AM8: 339 | AN8: 367 | AO8: 53 | AP8: 53 | AQ8: 53 | AR8: 283 | AS8: 283 | AT8: 283 | AU8: 17 | AV8: 17 | AW8: 17 | AX8: 702 | AY8: 702 | AZ8: 702 | BA8: 642 | BB8: 640 | BC8: 339 | BD8: 483 | BE8: 483 | BF8: 483 | BG8: 367 | BH8: 350 | BI8: 339 | BJ8: 367 | BK8: 351 | BL8: 339 | BM8: 497 | BN8: 497 | BO8: 497 | BP8: 509 | BQ8: 509 | BR8: 509 | BS8: 528 | BT8: 528 | BU8: 528 | BV8: 367 | BW8: 351 | BX8: 339 | BY8: 118 | BZ8: 118 | CA8: 118 | CB8: 747 | CC8: 747 | CD8: 747 | CE8: 342 | CF8: 340 | CG8: 338 | CH8: 367 | CI8: 351 | CJ8: 339 | CK8: 367 | CL8: 351 | CM8: 339 | CN8: 367 | CO8: 351 | CP8: 339 | CQ8: 234 | CR8: 234 | CS8: 234 | CT8: 367 | CU8: 351 | CV8: 339 | CW8: 367 | CX8: 351 | CY8: 339 | CZ8: 367 | DA8: 351 | DB8: 339 | DC8: 367 | DD8: 351 | DE8: 339 | DF8: 367 | DG8: 351 | DH8: 339 | DI8: 367 | DJ8: 351 | DK8: 339 | DL8: 367 | DM8: 351 | DN8: 339
A9: HAMBURG | B9: =W2 -> 117 | C9: =X2 -> 117 | D9: =Y2 -> 117 | E9: =W3 -> 674 | F9: =X3 -> 657 | G9: =Y3 -> 647 | H9: =W4 -> 290 | I9: =X4 -> 288 | J9: =Y4 -> 287 | K9: =W5 -> 674 | L9: =X5 -> 658 | M9: =Y5 -> 646 | N9: =W6 -> 649 | O9: =X6 -> 646 | P9: =Y6 -> 564 | Q9: =W7 -> 359 | R9: =X7 -> 359 | S9: =Y7 -> 359 | T9: =W8 -> 333 | U9: =X8 -> 333 | V9: =Y8 -> 333 | W9: 0 | X9: 0 | Y9: 0 | Z9: 701 | AA9: 701 | AB9: 701 | AC9: 674 | AD9: 658 | AE9: 646 | AF9: 674 | AG9: 658 | AH9: 646 | AI9: 674 | AJ9: 658 | AK9: 646 | AL9: 674 | AM9: 658 | AN9: 646 | AO9: 364 | AP9: 364 | AQ9: 364 | AR9: 413 | AS9: 413 | AT9: 413 | AU9: 334 | AV9: 334 | AW9: 334 | AX9: 438 | AY9: 438 | AZ9: 438 | BA9: 649 | BB9: 562 | BC9: 378 | BD9: 398 | BE9: 398 | BF9: 398 | BG9: 674 | BH9: 657 | BI9: 646 | BJ9: 674 | BK9: 658 | BL9: 646 | BM9: 415 | BN9: 415 | BO9: 415 | BP9: 244 | BQ9: 244 | BR9: 244 | BS9: 264 | BT9: 264 | BU9: 264 | BV9: 674 | BW9: 657 | BX9: 646 | BY9: 401 | BZ9: 401 | CA9: 401 | CB9: 483 | CC9: 483 | CD9: 483 | CE9: 649 | CF9: 647 | CG9: 646 | CH9: 674 | CI9: 659 | CJ9: 646 | CK9: 674 | CL9: 659 | CM9: 646 | CN9: 674 | CO9: 659 | CP9: 646 | CQ9: 164 | CR9: 164 | CS9: 164 | CT9: 674 | CU9: 658 | CV9: 646 | CW9: 674 | CX9: 658 | CY9: 646 | CZ9: 674 | DA9: 658 | DB9: 646 | DC9: 674 | DD9: 658 | DE9: 646 | DF9: 674 | DG9: 658 | DH9: 646 | DI9: 674 | DJ9: 658 | DK9: 646 | DL9: 674 | DM9: 658 | DN9: 646
A10: TALLINN | B10: =Z2 -> 750 | C10: =AA2 -> 750 | D10: =AB2 -> 750 | E10: =Z3 -> 1307 | F10: =AA3 -> 1280 | G10: =AB3 -> 1085 | H10: =Z4 -> 925 | I10: =AA4 -> 923 | J10: =AB4 -> 920 | K10: =Z5 -> 1307 | L10: =AA5 -> 1279 | M10: =AB5 -> 1085 | N10: =Z6 -> 1652 | O10: =AA6 -> 1154 | P10: =AB6 -> 1085 | Q10: =Z7 -> 993 | R10: =AA7 -> 993 | S10: =AB7 -> 993 | T10: =Z8 -> 966 | U10: =AA8 -> 966 | V10: =AB8 -> 966 | W10: =Z9 -> 701 | X10: =AA9 -> 701 | Y10: =AB9 -> 701 | Z10: 0 | AA10: 0 | AB10: 0 | AC10: 1307 | AD10: 1290 | AE10: 1279 | AF10: 1307 | AG10: 1290 | AH10: 1279 | AI10: 1307 | AJ10: 1279 | AK10: 1085 | AL10: 1307 | AM10: 1291 | AN10: 1279 | AO10: 997 | AP10: 997 | AQ10: 997 | AR10: 1040 | AS10: 1046 | AT10: 1046 | AU10: 967 | AV10: 967 | AW10: 967 | AX10: 414 | AY10: 414 | AZ10: 414 | BA10: 1085 | BB10: 1085 | BC10: 1085 | BD10: 921 | BE10: 921 | BF10: 921 | BG10: 1307 | BH10: 1290 | BI10: 1279 | BJ10: 1307 | BK10: 1292 | BL10: 1279 | BM10: 938 | BN10: 938 | BO10: 938 | BP10: 533 | BQ10: 533 | BR10: 533 | BS10: 555 | BT10: 555 | BU10: 555 | BV10: 1307 | BW10: 1290 | BX10: 1279 | BY10: 1046 | BZ10: 1046 | CA10: 1046 | CB10: 337 | CC10: 337 | CD10: 337 | CE10: 1292 | CF10: 1282 | CG10: 1279 | CH10: 1307 | CI10: 1291 | CJ10: 1279 | CK10: 1307 | CL10: 1291 | CM10: 1279 | CN10: 1307 | CO10: 1292 | CP10: 1279 | CQ10: 797 | CR10: 797 | CS10: 797 | CT10: 1307 | CU10: 1291 | CV10: 1279 | CW10: 1307 | CX10: 1290 | CY10: 1279 | CZ10: 1307 | DA10: 1292 | DB10: 1280 | DC10: 1307 | DD10: 1293 | DE10: 1279 | DF10: 1307 | DG10: 1292 | DH10: 1279 | DI10: 1307 | DJ10: 1292 | DK10: 1279 | DL10: 1307 | DM10: 1291 | DN10: 1279
A11: ALGECIRAS | B11: =AC2 -> 637 | C11: =AD2 -> 609 | D11: =AE2 -> 536 | E11: =AC3 -> 0 | F11: =AD3 -> 0 | G11: =AE3 -> 0 | H11: =AC4 -> 405 | I11: =AD4 -> 388 | J11: =AE4 -> 378 | K11: =AC5 -> 0 | L11: =AD5 -> 0 | M11: =AE5 -> 0 | N11: =AC6 -> 0 | O11: =AD6 -> 0 | P11: =AE6 -> 0 | Q11: =AC7 -> 403 | R11: =AD7 -> 386 | S11: =AE7 -> 375 | T11: =AC8 -> 367 | U11: =AD8 -> 350 | V11: =AE8 -> 339 | W11: =AC9 -> 674 | X11: =AD9 -> 658 | Y11: =AE9 -> 646 | Z11: =AC10 -> 1307 | AA11: =AD10 -> 1290 | AB11: =AE10 -> 1279 | AC11: 0 | AD11: 0 | AE11: 0 | AF11: 0 | AG11: 0 | AH11: 0 | AI11: 0 | AJ11: 0 | AK11: 0 | AL11: 0 | AM11: 0 | AN11: 0 | AO11: 337 | AP11: 322 | AQ11: 309 | AR11: 586 | AS11: 572 | AT11: 559 | AU11: 377 | AV11: 362 | AW11: 350 | AX11: 1043 | AY11: 1029 | AZ11: 1016 | BA11: 933 | BB11: 205 | BC11: 0 | BD11: 805 | BE11: 778 | BF11: 210 | BG11: 0 | BH11: 0 | BI11: 0 | BJ11: 0 | BK11: 0 | BL11: 0 | BM11: 818 | BN11: 791 | BO11: 173 | BP11: 849 | BQ11: 822 | BR11: 562 | BS11: 869 | BT11: 842 | BU11: 533 | BV11: 0 | BW11: 0 | BX11: 0 | BY11: 379 | BZ11: 363 | CA11: 351 | CB11: 1088 | CC11: 1061 | CD11: 868 | CE11: 28 | CF11: 17 | CG11: 0 | CH11: 0 | CI11: 0 | CJ11: 0 | CK11: 0 | CL11: 0 | CM11: 0 | CN11: 0 | CO11: 0 | CP11: 0 | CQ11: 575 | CR11: 561 | CS11: 548 | CT11: 0 | CU11: 0 | CV11: 0 | CW11: 0 | CX11: 0 | CY11: 0 | CZ11: 0 | DA11: 0 | DB11: 0 | DC11: 0 | DD11: 0 | DE11: 0 | DF11: 0 | DG11: 0 | DH11: 0 | DI11: 0 | DJ11: 0 | DK11: 0 | DL11: 0 | DM11: 0 | DN11: 0
A12: HUELVA | B12: =AF2 -> 637 | C12: =AG2 -> 609 | D12: =AH2 -> 536 | E12: =AF3 -> 0 | F12: =AG3 -> 0 | G12: =AH3 -> 0 | H12: =AF4 -> 405 | I12: =AG4 -> 389 | J12: =AH4 -> 378 | K12: =AF5 -> 0 | L12: =AG5 -> 0 | M12: =AH5 -> 0 | N12: =AF6 -> 0 | O12: =AG6 -> 0 | P12: =AH6 -> 0 | Q12: =AF7 -> 403 | R12: =AG7 -> 388 | S12: =AH7 -> 375 | T12: =AF8 -> 367 | U12: =AG8 -> 350 | V12: =AH8 -> 339 | W12: =AF9 -> 674 | X12: =AG9 -> 658 | Y12: =AH9 -> 646 | Z12: =AF10 -> 1307 | AA12: =AG10 -> 1290 | AB12: ='Distance outside the ECA'!AG10 -> 909 | AC12: =AF11 -> 0 | AD12: =AG11 -> 0 | AE12: =AH11 -> 0 | AF12: 0 | AG12: 0 | AH12: 0 | AI12: 0 | AJ12: 0 | AK12: 0 | AL12: 0 | AM12: 0 | AN12: 0 | AO12: 337 | AP12: 321 | AQ12: 309 | AR12: 586 | AS12: 559 | AT12: 295 | AU12: 377 | AV12: 361 | AW12: 350 | AX12: 1043 | AY12: 1029 | AZ12: 1016 | BA12: 205 | BB12: 108 | BC12: 0 | BD12: 805 | BE12: 778 | BF12: 210 | BG12: 0 | BH12: 0 | BI12: 0 | BJ12: 0 | BK12: 0 | BL12: 0 | BM12: 818 | BN12: 791 | BO12: 173 | BP12: 849 | BQ12: 822 | BR12: 562 | BS12: 871 | BT12: 842 | BU12: 533 | BV12: 0 | BW12: 0 | BX12: 0 | BY12: 379 | BZ12: 363 | CA12: 351 | CB12: 1088 | CC12: 1061 | CD12: 868 | CE12: 28 | CF12: 21 | CG12: 960 | CH12: 0 | CI12: 0 | CJ12: 0 | CK12: 0 | CL12: 0 | CM12: 0 | CN12: 0 | CO12: 0 | CP12: 0 | CQ12: 576 | CR12: 548 | CS12: 505 | CT12: 0 | CU12: 0 | CV12: 0 | CW12: 0 | CX12: 0 | CY12: 0 | CZ12: 0 | DA12: 0 | DB12: 0 | DC12: 0 | DD12: 0 | DE12: 0 | DF12: 0 | DG12: 0 | DH12: 0 | DI12: 0 | DJ12: 0 | DK12: 0 | DL12: 0 | DM12: 0 | DN12: 0
A13: LA PALLICE | B13: =AI2 -> 637 | C13: =AJ2 -> 609 | D13: =AK2 -> 536 | E13: =AI3 -> 0 | F13: =AJ3 -> 0 | G13: =AK3 -> 0 | H13: =AI4 -> 405 | I13: =AJ4 -> 390 | J13: =AK4 -> 378 | K13: =AI5 -> 0 | L13: =AJ5 -> 0 | M13: =AK5 -> 0 | N13: =AI6 -> 0 | O13: =AJ6 -> 0 | P13: =AK6 -> 0 | Q13: =AI7 -> 403 | R13: =AJ7 -> 386 | S13: =AK7 -> 375 | T13: =AI8 -> 367 | U13: =AJ8 -> 353 | V13: =AK8 -> 339 | W13: =AI9 -> 674 | X13: =AJ9 -> 658 | Y13: =AK9 -> 646 | Z13: =AI10 -> 1307 | AA13: =AJ10 -> 1279 | AB13: =AK10 -> 1085 | AC13: =AI11 -> 0 | AD13: =AJ11 -> 0 | AE13: =AK11 -> 0 | AF13: =AI12 -> 0 | AG13: =AJ12 -> 0 | AH13: =AK12 -> 0 | AI13: 0 | AJ13: 0 | AK13: 0 | AL13: 0 | AM13: 0 | AN13: 0 | AO13: 337 | AP13: 321 | AQ13: 309 | AR13: 586 | AS13: 559 | AT13: 295 | AU13: 377 | AV13: 363 | AW13: 350 | AX13: 1263 | AY13: 1236 | AZ13: 901 | BA13: 933 | BB13: 240 | BC13: 0 | BD13: 778 | BE13: 307 | BF13: 210 | BG13: 0 | BH13: 0 | BI13: 0 | BJ13: 0 | BK13: 0 | BL13: 0 | BM13: 791 | BN13: 291 | BO13: 173 | BP13: 822 | BQ13: 631 | BR13: 562 | BS13: 842 | BT13: 602 | BU13: 533 | BV13: 0 | BW13: 0 | BX13: 0 | BY13: 379 | BZ13: 363 | CA13: 352 | CB13: 1264 | CC13: 937 | CD13: 868 | CE13: 54 | CF13: 32 | CG13: 0 | CH13: 0 | CI13: 0 | CJ13: 0 | CK13: 0 | CL13: 0 | CM13: 0 | CN13: 0 | CO13: 0 | CP13: 0 | CQ13: 575 | CR13: 548 | CS13: 505 | CT13: 0 | CU13: 0 | CV13: 0 | CW13: 0 | CX13: 0 | CY13: 0 | CZ13: 0 | DA13: 0 | DB13: 0 | DC13: 0 | DD13: 0 | DE13: 0 | DF13: 0 | DG13: 0 | DH13: 0 | DI13: 0 | DJ13: 0 | DK13: 0 | DL13: 0 | DM13: 0 | DN13: 0
A14: MONTOIR DE BRETAGNE | B14: =AL2 -> 637 | C14: =AM2 -> 609 | D14: =AN2 -> 536 | E14: =AL3 -> 0 | F14: =AM3 -> 0 | G14: =AN3 -> 0 | H14: =AL4 -> 405 | I14: =AM4 -> 390 | J14: =AN4 -> 378 | K14: =AL5 -> 0 | L14: =AM5 -> 0 | M14: =AN5 -> 0 | N14: =AL6 -> 0 | O14: =AM6 -> 0 | P14: =AN6 -> 0 | Q14: =AL7 -> 403 | R14: =AM7 -> 389 | S14: =AN7 -> 375 | T14: =AL8 -> 352 | U14: =AM8 -> 339 | V14: =AN8 -> 367 | W14: =AL9 -> 674 | X14: =AM9 -> 658 | Y14: =AN9 -> 646 | Z14: =AL10 -> 1307 | AA14: =AM10 -> 1291 | AB14: =AN10 -> 1279 | AC14: =AL11 -> 0 | AD14: =AM11 -> 0 | AE14: =AN11 -> 0 | AF14: =AL12 -> 0 | AG14: =AM12 -> 0 | AH14: =AN12 -> 0 | AI14: =AL13 -> 0 | AJ14: =AM13 -> 0 | AK14: =AN13 -> 0 | AL14: 0 | AM14: 0 | AN14: 0 | AO14: 337 | AP14: 323 | AQ14: 309 | AR14: 586 | AS14: 559 | AT14: 295 | AU14: 377 | AV14: 364 | AW14: 350 | AX14: 1255 | AY14: 1229 | AZ14: 901 | BA14: 934 | BB14: 307 | BC14: 0 | BD14: 805 | BE14: 307 | BF14: 210 | BG14: 0 | BH14: 0 | BI14: 0 | BJ14: 0 | BK14: 0 | BL14: 0 | BM14: 799 | BN14: 292 | BO14: 173 | BP14: 984 | BQ14: 631 | BR14: 562 | BS14: 955 | BT14: 602 | BU14: 533 | BV14: 0 | BW14: 0 | BX14: 0 | BY14: 379 | BZ14: 364 | CA14: 352 | CB14: 1290 | CC14: 937 | CD14: 868 | CE14: 54 | CF14: 22 | CG14: 0 | CH14: 0 | CI14: 0 | CJ14: 0 | CK14: 0 | CL14: 0 | CM14: 0 | CN14: 0 | CO14: 0 | CP14: 0 | CQ14: 575 | CR14: 562 | CS14: 548 | CT14: 0 | CU14: 0 | CV14: 0 | CW14: 0 | CX14: 0 | CY14: 0 | CZ14: 0 | DA14: 0 | DB14: 0 | DC14: 0 | DD14: 0 | DE14: 0 | DF14: 0 | DG14: 0 | DH14: 0 | DI14: 0 | DJ14: 0 | DK14: 0 | DL14: 0 | DM14: 0 | DN14: 0
A15: DUNKIRK | B15: =AO2 -> 327 | C15: =AP2 -> 327 | D15: =AQ2 -> 327 | E15: =AO3 -> 337 | F15: =AP3 -> 320 | G15: =AQ3 -> 309 | H15: =AO4 -> 95 | I15: =AP4 -> 93 | J15: =AQ4 -> 92 | K15: =AO5 -> 337 | L15: =AP5 -> 320 | M15: =AQ5 -> 309 | N15: =AO6 -> 309 | O15: =AP6 -> 305 | P15: =AQ6 -> 301 | Q15: =AO7 -> 89 | R15: =AP7 -> 89 | S15: =AQ7 -> 89 | T15: =AO8 -> 53 | U15: =AP8 -> 53 | V15: =AQ8 -> 53 | W15: =AO9 -> 364 | X15: =AP9 -> 364 | Y15: =AQ9 -> 364 | Z15: =AO10 -> 997 | AA15: =AP10 -> 997 | AB15: =AQ10 -> 997 | AC15: =AO11 -> 337 | AD15: =AP11 -> 322 | AE15: =AQ11 -> 309 | AF15: =AO12 -> 337 | AG15: =AP12 -> 321 | AH15: =AQ12 -> 309 | AI15: =AO13 -> 337 | AJ15: =AP13 -> 321 | AK15: =AQ13 -> 309 | AL15: =AO14 -> 337 | AM15: =AP14 -> 323 | AN15: =AQ14 -> 309 | AO15: 0 | AP15: 0 | AQ15: 0 | AR15: 289 | AS15: 289 | AT15: 289 | AU15: 63 | AV15: 63 | AW15: 63 | AX15: 734 | AY15: 734 | AZ15: 734 | BA15: 661 | BB15: 657 | BC15: 309 | BD15: 504 | BE15: 504 | BF15: 504 | BG15: 337 | BH15: 323 | BI15: 309 | BJ15: 337 | BK15: 322 | BL15: 309 | BM15: 601 | BN15: 518 | BO15: 482 | BP15: 540 | BQ15: 540 | BR15: 540 | BS15: 559 | BT15: 559 | BU15: 559 | BV15: 337 | BW15: 322 | BX15: 309 | BY15: 96 | BZ15: 96 | CA15: 96 | CB15: 778 | CC15: 778 | CD15: 778 | CE15: 312 | CF15: 310 | CG15: 308 | CH15: 337 | CI15: 322 | CJ15: 309 | CK15: 337 | CL15: 321 | CM15: 309 | CN15: 337 | CO15: 320 | CP15: 309 | CQ15: 266 | CR15: 266 | CS15: 266 | CT15: 337 | CU15: 321 | CV15: 309 | CW15: 337 | CX15: 322 | CY15: 309 | CZ15: 337 | DA15: 321 | DB15: 309 | DC15: 337 | DD15: 321 | DE15: 310 | DF15: 337 | DG15: 321 | DH15: 310 | DI15: 337 | DJ15: 321 | DK15: 309 | DL15: 337 | DM15: 322 | DN15: 309
A16: TEESPORT | B16: =AR2 -> 388 | C16: =AS2 -> 383 | D16: =AT2 -> 378 | E16: =AR3 -> 586 | F16: =AS3 -> 560 | G16: =AT3 -> 295 | H16: =AR4 -> 275 | I16: =AS4 -> 273 | J16: =AT4 -> 271 | K16: =AR5 -> 586 | L16: =AS5 -> 560 | M16: =AT5 -> 295 | N16: =AR6 -> 295 | O16: =AS6 -> 295 | P16: =AT6 -> 295 | Q16: =AR7 -> 314 | R16: =AS7 -> 314 | S16: =AT7 -> 314 | T16: =AR8 -> 283 | U16: =AS8 -> 283 | V16: =AT8 -> 283 | W16: =AR9 -> 413 | X16: =AS9 -> 413 | Y16: =AT9 -> 413 | Z16: =AR10 -> 1040 | AA16: =AS10 -> 1046 | AB16: =AT10 -> 1046 | AC16: =AR11 -> 586 | AD16: =AS11 -> 572 | AE16: =AT11 -> 559 | AF16: =AR12 -> 586 | AG16: =AS12 -> 559 | AH16: =AT12 -> 295 | AI16: =AR13 -> 586 | AJ16: =AS13 -> 559 | AK16: =AT13 -> 295 | AL16: =AR14 -> 586 | AM16: =AS14 -> 559 | AN16: =AT14 -> 295 | AO16: =AR15 -> 289 | AP16: =AS15 -> 289 | AQ16: =AT15 -> 289 | AR16: 0 | AS16: 0 | AT16: 0 | AU16: 288 | AV16: 288 | AW16: 288 | AX16: 783 | AY16: 783 | AZ16: 783 | BA16: 479 | BB16: 447 | BC16: 295 | BD16: 355 | BE16: 355 | BF16: 355 | BG16: 586 | BH16: 572 | BI16: 559 | BJ16: 586 | BK16: 571 | BL16: 559 | BM16: 359 | BN16: 359 | BO16: 359 | BP16: 589 | BQ16: 589 | BR16: 589 | BS16: 579 | BT16: 579 | BU16: 579 | BV16: 586 | BW16: 570 | BX16: 559 | BY16: 304 | BZ16: 304 | CA16: 304 | CB16: 827 | CC16: 827 | CD16: 827 | CE16: 561 | CF16: 559 | CG16: 557 | CH16: 586 | CI16: 571 | CJ16: 559 | CK16: 586 | CL16: 573 | CM16: 559 | CN16: 586 | CO16: 572 | CP16: 559 | CQ16: 327 | CR16: 327 | CS16: 327 | CT16: 586 | CU16: 571 | CV16: 559 | CW16: 586 | CX16: 571 | CY16: 559 | CZ16: 586 | DA16: 571 | DB16: 559 | DC16: 586 | DD16: 571 | DE16: 559 | DF16: 586 | DG16: 571 | DH16: 559 | DI16: 586 | DJ16: 572 | DK16: 559 | DL16: 586 | DM16: 570 | DN16: 559
A17: VLISSINGEN | B17: =AU2 -> 305 | C17: =AV2 -> 300 | D17: =AW2 -> 297 | E17: =AU3 -> 377 | F17: =AV3 -> 361 | G17: =AW3 -> 350 | H17: =AU4 -> 60 | I17: =AV4 -> 58 | J17: =AW4 -> 57 | K17: =AU5 -> 377 | L17: =AV5 -> 359 | M17: =AW5 -> 350 | N17: =AU6 -> 350 | O17: =AV6 -> 350 | P17: =AW6 -> 350 | Q17: =AU7 -> 26 | R17: =AV7 -> 26 | S17: =AW7 -> 26 | T17: =AU8 -> 17 | U17: =AV8 -> 17 | V17: =AW8 -> 17 | W17: =AU9 -> 334 | X17: =AV9 -> 334 | Y17: =AW9 -> 334 | Z17: =AU10 -> 967 | AA17: =AV10 -> 967 | AB17: =AW10 -> 967 | AC17: =AU11 -> 377 | AD17: =AV11 -> 362 | AE17: =AW11 -> 350 | AF17: =AU12 -> 377 | AG17: =AV12 -> 361 | AH17: =AW12 -> 350 | AI17: =AU13 -> 377 | AJ17: =AV13 -> 363 | AK17: =AW13 -> 350 | AL17: =AU14 -> 377 | AM17: =AV14 -> 364 | AN17: =AW14 -> 350 | AO17: =AU15 -> 63 | AP17: =AV15 -> 63 | AQ17: =AW15 -> 63 | AR17: =AU16 -> 288 | AS17: =AV16 -> 288 | AT17: =AW16 -> 288 | AU17: 0 | AV17: 0 | AW17: 0 | AX17: 704 | AY17: 704 | AZ17: 704 | BA17: 644 | BB17: 532 | BC17: 351 | BD17: 484 | BE17: 484 | BF17: 484 | BG17: 377 | BH17: 361 | BI17: 350 | BJ17: 377 | BK17: 360 | BL17: 350 | BM17: 499 | BN17: 499 | BO17: 499 | BP17: 510 | BQ17: 510 | BR17: 510 | BS17: 530 | BT17: 530 | BU17: 530 | BV17: 377 | BW17: 362 | BX17: 350 | BY17: 128 | BZ17: 128 | CA17: 128 | CB17: 749 | CC17: 749 | CD17: 749 | CE17: 358 | CF17: 355 | CG17: 350 | CH17: 377 | CI17: 361 | CJ17: 350 | CK17: 377 | CL17: 363 | CM17: 350 | CN17: 377 | CO17: 362 | CP17: 350 | CQ17: 236 | CR17: 236 | CS17: 236 | CT17: 377 | CU17: 362 | CV17: 350 | CW17: 377 | CX17: 362 | CY17: 350 | CZ17: 377 | DA17: 361 | DB17: 350 | DC17: 337 | DD17: 360 | DE17: 350 | DF17: 377 | DG17: 362 | DH17: 350 | DI17: 377 | DJ17: 361 | DK17: 350 | DL17: 377 | DM17: 361 | DN17: 350
A18: GDANSK | B18: =AX2 -> 495 | C18: =AY2 -> 490 | D18: =AZ2 -> 487 | E18: =AX3 -> 1043 | F18: =AY3 -> 1017 | G18: =AZ3 -> 901 | H18: =AX4 -> 660 | I18: =AY4 -> 658 | J18: =AZ4 -> 656 | K18: =AX5 -> 1043 | L18: =AY5 -> 1016 | M18: =AZ5 -> 902 | N18: =AX6 -> 1016 | O18: =AY6 -> 901 | P18: =AZ6 -> 832 | Q18: =AX7 -> 729 | R18: =AY7 -> 729 | S18: =AZ7 -> 729 | T18: =AX8 -> 702 | U18: =AY8 -> 702 | V18: =AZ8 -> 702 | W18: =AX9 -> 438 | X18: =AY9 -> 438 | Y18: =AZ9 -> 438 | Z18: =AX10 -> 414 | AA18: =AY10 -> 414 | AB18: =AZ10 -> 414 | AC18: ='Distance outside the ECA'!AW11 -> 1016 | AD18: =AY11 -> 1029 | AE18: =AZ11 -> 1016 | AF18: =AX12 -> 1043 | AG18: =AY12 -> 1029 | AH18: =AZ12 -> 1016 | AI18: =AX13 -> 1263 | AJ18: =AY13 -> 1236 | AK18: =AZ13 -> 901 | AL18: =AX14 -> 1255 | AM18: =AY14 -> 1229 | AN18: =AZ14 -> 901 | AO18: =AX15 -> 734 | AP18: =AY15 -> 734 | AQ18: =AZ15 -> 734 | AR18: =AX16 -> 783 | AS18: =AY16 -> 783 | AT18: =AZ16 -> 783 | AU18: =AX17 -> 704 | AV18: =AY17 -> 704 | AW18: =AZ17 -> 704 | AX18: 0 | AY18: 0 | AZ18: 0 | BA18: 833 | BB18: 833 | BC18: 833 | BD18: 668 | BE18: 668 | BF18: 668 | BG18: 1043 | BH18: 1029 | BI18: 1016 | BJ18: 1043 | BK18: 1029 | BL18: 1016 | BM18: 686 | BN18: 686 | BO18: 686 | BP18: 281 | BQ18: 281 | BR18: 281 | BS18: 302 | BT18: 302 | BU18: 302 | BV18: 1043 | BW18: 1027 | BX18: 1016 | BY18: 771 | BZ18: 771 | CA18: 771 | CB18: 119 | CC18: 119 | CD18: 119 | CE18: 1024 | CF18: 1018 | CG18: 1016 | CH18: 1043 | CI18: 1028 | CJ18: 1016 | CK18: 1043 | CL18: 1029 | CM18: 1016 | CN18: 1043 | CO18: 1028 | CP18: 1016 | CQ18: 534 | CR18: 534 | CS18: 534 | CT18: 1043 | CU18: 1027 | CV18: 1016 | CW18: 1043 | CX18: 1027 | CY18: 1016 | CZ18: 1043 | DA18: 1029 | DB18: 1016 | DC18: 1043 | DD18: 1032 | DE18: 1017 | DF18: 1039 | DG18: 1027 | DH18: 1017 | DI18: 1040 | DJ18: 1025 | DK18: 1017 | DL18: 1038 | DM18: 1030 | DN18: 1020
A19: MO I RANA | B19: =BB2 -> 543 | C19: =BA2 -> 576 | D19: =BC2 -> 536 | E19: =BA3 -> 961 | F19: =BB3 -> 936 | G19: =BC3 -> 0 | H19: =BA4 -> 605 | I19: =BB4 -> 603 | J19: =BC4 -> 378 | K19: =BA5 -> 205 | L19: =BB5 -> 90 | M19: =BC5 -> 0 | N19: =BA6 -> 205 | O19: =BB6 -> 125 | P19: =BC6 -> 0 | Q19: =BA7 -> 670 | R19: =BB7 -> 669 | S19: =BC7 -> 375 | T19: =BA8 -> 642 | U19: =BB8 -> 640 | V19: =BC8 -> 339 | W19: =BA9 -> 649 | X19: =BB9 -> 562 | Y19: =BC9 -> 378 | Z19: =BA10 -> 1085 | AA19: =BB10 -> 1085 | AB19: =BC10 -> 1085 | AC19: =BA11 -> 933 | AD19: =BB11 -> 205 | AE19: =BC11 -> 0 | AF19: =BA12 -> 205 | AG19: =BB12 -> 108 | AH19: =BC12 -> 0 | AI19: =BA13 -> 933 | AJ19: =BB13 -> 240 | AK19: =BC13 -> 0 | AL19: =BA14 -> 934 | AM19: =BB14 -> 307 | AN19: =BC14 -> 0 | AO19: =BA15 -> 661 | AP19: =BB15 -> 657 | AQ19: =BC15 -> 309 | AR19: =BA16 -> 479 | AS19: =BB16 -> 447 | AT19: =BC16 -> 295 | AU19: =BA17 -> 644 | AV19: =BB17 -> 532 | AW19: =BC17 -> 351 | AX19: =BA18 -> 833 | AY19: =BB18 -> 833 | AZ19: =BC18 -> 833 | BA19: 0 | BB19: 0 | BC19: 0 | BD19: 210 | BE19: 210 | BF19: 210 | BG19: 205 | BH19: 102 | BI19: 0 | BJ19: 205 | BK19: 96 | BL19: 0 | BM19: 173 | BN19: 173 | BO19: 173 | BP19: 562 | BQ19: 562 | BR19: 562 | BS19: 533 | BT19: 533 | BU19: 533 | BV19: 205 | BW19: 114 | BX19: 0 | BY19: 678 | BZ19: 675 | CA19: 351 | CB19: 868 | CC19: 868 | CD19: 868 | CE19: 936 | CF19: 231 | CG19: 23 | CH19: 205 | CI19: 105 | CJ19: 0 | CK19: 961 | CL19: 218 | CM19: 0 | CN19: 205 | CO19: 118 | CP19: 0 | CQ19: 542 | CR19: 542 | CS19: 542 | CT19: 195 | CU19: 109 | CV19: 0 | CW19: 961 | CX19: 301 | CY19: 0 | CZ19: 205 | DA19: 100 | DB19: 0 | DC19: 964 | DD19: 300 | DE19: 0 | DF19: 965 | DG19: 306 | DH19: 0 | DI19: 955 | DJ19: 288 | DK19: 0 | DL19: 966 | DM19: 309 | DN19: 0
A20: STAVANGER | B20: =BD2 -> 385 | C20: =BE2 -> 382 | D20: =BF2 -> 379 | E20: =BD3 -> 805 | F20: =BE3 -> 779 | G20: =BF3 -> 210 | H20: =BD4 -> 445 | I20: =BE4 -> 443 | J20: =BF4 -> 442 | K20: =BD5 -> 805 | L20: =BE5 -> 308 | M20: =BF5 -> 210 | N20: =BD6 -> 311 | O20: =BE6 -> 307 | P20: =BF6 -> 210 | Q20: =BD7 -> 510 | R20: =BE7 -> 510 | S20: =BF7 -> 510 | T20: =BD8 -> 483 | U20: =BE8 -> 483 | V20: =BF8 -> 483 | W20: =BD9 -> 398 | X20: =BE9 -> 398 | Y20: =BF9 -> 398 | Z20: =BD10 -> 921 | AA20: =BE10 -> 921 | AB20: =BF10 -> 921 | AC20: =BD11 -> 805 | AD20: =BE11 -> 778 | AE20: =BF11 -> 210 | AF20: =BD12 -> 805 | AG20: =BE12 -> 778 | AH20: =BF12 -> 210 | AI20: =BD13 -> 778 | AJ20: =BE13 -> 307 | AK20: =BF13 -> 210 | AL20: =BD14 -> 805 | AM20: =BE14 -> 307 | AN20: =BF14 -> 210 | AO20: =BD15 -> 504 | AP20: =BE15 -> 504 | AQ20: =BF15 -> 504 | AR20: =BD16 -> 355 | AS20: =BE16 -> 355 | AT20: =BF16 -> 355 | AU20: =BD17 -> 484 | AV20: =BE17 -> 484 | AW20: =BF17 -> 484 | AX20: =BD18 -> 668 | AY20: =BE18 -> 668 | AZ20: =BF18 -> 668 | BA20: =BD19 -> 210 | BB20: =BE19 -> 210 | BC20: =BF19 -> 210 | BD20: 0 | BE20: 0 | BF20: 0 | BG20: 805 | BH20: 307 | BI20: 210 | BJ20: 805 | BK20: 308 | BL20: 210 | BM20: 63 | BN20: 63 | BO20: 63 | BP20: 398 | BQ20: 398 | BR20: 398 | BS20: 369 | BT20: 369 | BU20: 369 | BV20: 794 | BW20: 310 | BX20: 210 | BY20: 523 | BZ20: 523 | CA20: 523 | CB20: 704 | CC20: 704 | CD20: 704 | CE20: 780 | CF20: 333 | CG20: 233 | CH20: 814 | CI20: 308 | CJ20: 210 | CK20: 783 | CL20: 307 | CM20: 210 | CN20: 788 | CO20: 310 | CP20: 210 | CQ20: 378 | CR20: 378 | CS20: 378 | CT20: 790 | CU20: 304 | CV20: 210 | CW20: 786 | CX20: 306 | CY20: 210 | CZ20: 782 | DA20: 306 | DB20: 210 | DC20: 778 | DD20: 307 | DE20: 210 | DF20: 780 | DG20: 304 | DH20: 210 | DI20: 784 | DJ20: 308 | DK20: 210 | DL20: 782 | DM20: 308 | DN20: 210
A21: LISBON | B21: =BG2 -> 637 | C21: =BH2 -> 609 | D21: =BI2 -> 536 | E21: =BG3 -> 0 | F21: =BH3 -> 0 | G21: =BI3 -> 0 | H21: =BG4 -> 405 | I21: =BH4 -> 387 | J21: =BI4 -> 378 | K21: =BG5 -> 0 | L21: =BH5 -> 0 | M21: =BI5 -> 0 | N21: =BG6 -> 0 | O21: =BH6 -> 0 | P21: =BI6 -> 0 | Q21: =BG7 -> 403 | R21: =BH7 -> 385 | S21: =BI7 -> 375 | T21: =BG8 -> 367 | U21: =BH8 -> 350 | V21: =BI8 -> 339 | W21: =BG9 -> 674 | X21: =BH9 -> 657 | Y21: =BI9 -> 646 | Z21: =BG10 -> 1307 | AA21: =BH10 -> 1290 | AB21: =BI10 -> 1279 | AC21: =BG11 -> 0 | AD21: =BH11 -> 0 | AE21: =BI11 -> 0 | AF21: =BG12 -> 0 | AG21: =BH12 -> 0 | AH21: =BI12 -> 0 | AI21: =BG13 -> 0 | AJ21: =BH13 -> 0 | AK21: =BI13 -> 0 | AL21: =BG14 -> 0 | AM21: =BH14 -> 0 | AN21: =BI14 -> 0 | AO21: =BG15 -> 337 | AP21: =BH15 -> 323 | AQ21: =BI15 -> 309 | AR21: =BG16 -> 586 | AS21: =BH16 -> 572 | AT21: =BI16 -> 559 | AU21: =BG17 -> 377 | AV21: =BH17 -> 361 | AW21: =BI17 -> 350 | AX21: =BG18 -> 1043 | AY21: =BH18 -> 1029 | AZ21: =BI18 -> 1016 | BA21: =BG19 -> 205 | BB21: =BH19 -> 102 | BC21: =BI19 -> 0 | BD21: =BG20 -> 805 | BE21: =BH20 -> 307 | BF21: =BI20 -> 210 | BG21: 0 | BH21: 0 | BI21: 0 | BJ21: 0 | BK21: 0 | BL21: 0 | BM21: 805 | BN21: 291 | BO21: 173 | BP21: 849 | BQ21: 835 | BR21: 822 | BS21: 869 | BT21: 854 | BU21: 842 | BV21: 0 | BW21: 0 | BX21: 0 | BY21: 379 | BZ21: 367 | CA21: 352 | CB21: 1088 | CC21: 1072 | CD21: 1062 | CE21: 28 | CF21: 16 | CG21: 0 | CH21: 0 | CI21: 0 | CJ21: 0 | CK21: 0 | CL21: 0 | CM21: 0 | CN21: 0 | CO21: 0 | CP21: 0 | CQ21: 575 | CR21: 561 | CS21: 549 | CT21: 0 | CU21: 0 | CV21: 0 | CW21: 0 | CX21: 0 | CY21: 0 | CZ21: 0 | DA21: 0 | DB21: 0 | DC21: 0 | DD21: 0 | DE21: 0 | DF21: 0 | DG21: 0 | DH21: 0 | DI21: 0 | DJ21: 0 | DK21: 0 | DL21: 0 | DM21: 0 | DN21: 0
A22: SETUBAL | B22: =BJ2 -> 637 | C22: =BK2 -> 609 | D22: =BL2 -> 536 | E22: =BJ3 -> 0 | F22: =BK3 -> 0 | G22: =BL3 -> 0 | H22: =BJ4 -> 405 | I22: =BK4 -> 387 | J22: =BL4 -> 378 | K22: =BJ5 -> 0 | L22: =BK5 -> 0 | M22: =BL5 -> 0 | N22: =BJ6 -> 0 | O22: =BK6 -> 0 | P22: =BL6 -> 0 | Q22: =BJ7 -> 403 | R22: =BK7 -> 388 | S22: =BL7 -> 375 | T22: =BJ8 -> 367 | U22: =BK8 -> 351 | V22: =BL8 -> 339 | W22: =BJ9 -> 674 | X22: =BK9 -> 658 | Y22: =BL9 -> 646 | Z22: =BJ10 -> 1307 | AA22: =BK10 -> 1292 | AB22: =BL10 -> 1279 | AC22: =BJ11 -> 0 | AD22: =BK11 -> 0 | AE22: =BL11 -> 0 | AF22: =BJ12 -> 0 | AG22: =BK12 -> 0 | AH22: =BL12 -> 0 | AI22: =BJ13 -> 0 | AJ22: =BK13 -> 0 | AK22: =BL13 -> 0 | AL22: =BJ14 -> 0 | AM22: =BK14 -> 0 | AN22: =BL14 -> 0 | AO22: =BJ15 -> 337 | AP22: =BK15 -> 322 | AQ22: =BL15 -> 309 | AR22: =BJ16 -> 586 | AS22: =BK16 -> 571 | AT22: =BL16 -> 559 | AU22: =BJ17 -> 377 | AV22: =BK17 -> 360 | AW22: =BL17 -> 350 | AX22: =BJ18 -> 1043 | AY22: =BK18 -> 1029 | AZ22: =BL18 -> 1016 | BA22: =BJ19 -> 205 | BB22: =BK19 -> 96 | BC22: =BL19 -> 0 | BD22: =BJ20 -> 805 | BE22: =BK20 -> 308 | BF22: =BL20 -> 210 | BG22: =BJ21 -> 0 | BH22: =BK21 -> 0 | BI22: =BL21 -> 0 | BJ22: 0 | BK22: 0 | BL22: 0 | BM22: 818 | BN22: 291 | BO22: 173 | BP22: 827 | BQ22: 631 | BR22: 569 | BS22: 844 | BT22: 602 | BU22: 533 | BV22: 0 | BW22: 0 | BX22: 0 | BY22: 379 | BZ22: 362 | CA22: 352 | CB22: 1073 | CC22: 937 | CD22: 868 | CE22: 23 | CF22: 12 | CG22: 0 | CH22: 0 | CI22: 0 | CJ22: 0 | CK22: 0 | CL22: 0 | CM22: 0 | CN22: 0 | CO22: 0 | CP22: 0 | CQ22: 575 | CR22: 548 | CS22: 505 | CT22: 0 | CU22: 0 | CV22: 0 | CW22: 0 | CX22: 0 | CY22: 0 | CZ22: 0 | DA22: 0 | DB22: 0 | DC22: 0 | DD22: 0 | DE22: 0 | DF22: 0 | DG22: 0 | DH22: 0 | DI22: 0 | DJ22: 0 | DK22: 0 | DL22: 0 | DM22: 0 | DN22: 0
A23: ORESUND | B23: =BM2 -> 405 | C23: =BN2 -> 400 | D23: =BO2 -> 396 | E23: =BM3 -> 818 | F23: =BN3 -> 791 | G23: =BO3 -> 173 | H23: =BM4 -> 460 | I23: =BN4 -> 458 | J23: =BO4 -> 457 | K23: =BM5 -> 818 | L23: =BN5 -> 284 | M23: =BO5 -> 173 | N23: =BM6 -> 0 | O23: =BN6 -> 0 | P23: =BO6 -> 0 | Q23: =BM7 -> 525 | R23: =BN7 -> 525 | S23: =BO7 -> 525 | T23: =BM8 -> 497 | U23: =BN8 -> 497 | V23: =BO8 -> 497 | W23: =BM9 -> 415 | X23: =BN9 -> 415 | Y23: =BO9 -> 415 | Z23: =BM10 -> 938 | AA23: =BN10 -> 938 | AB23: =BO10 -> 938 | AC23: =BM11 -> 818 | AD23: =BN11 -> 791 | AE23: =BO11 -> 173 | AF23: =BM12 -> 818 | AG23: =BN12 -> 791 | AH23: =BO12 -> 173 | AI23: =BM13 -> 791 | AJ23: =BN13 -> 291 | AK23: =BO13 -> 173 | AL23: =BM14 -> 799 | AM23: =BN14 -> 292 | AN23: =BO14 -> 173 | AO23: =BM15 -> 601 | AP23: =BN15 -> 518 | AQ23: =BO15 -> 482 | AR23: =BM16 -> 359 | AS23: =BN16 -> 359 | AT23: =BO16 -> 359 | AU23: =BM17 -> 499 | AV23: =BN17 -> 499 | AW23: =BO17 -> 499 | AX23: =BM18 -> 686 | AY23: =BN18 -> 686 | AZ23: =BO18 -> 686 | BA23: =BM19 -> 173 | BB23: =BN19 -> 173 | BC23: =BO19 -> 173 | BD23: =BM20 -> 63 | BE23: =BN20 -> 63 | BF23: =BO20 -> 63 | BG23: =BM21 -> 805 | BH23: =BN21 -> 291 | BI23: =BO21 -> 173 | BJ23: =BM22 -> 818 | BK23: =BN22 -> 291 | BL23: =BO22 -> 173 | BM23: 0 | BN23: 0 | BO23: 0 | BP23: 415 | BQ23: 415 | BR23: 415 | BS23: 386 | BT23: 386 | BU23: 386 | BV23: 802 | BW23: 292 | BX23: 173 | BY23: 536 | BZ23: 536 | CA23: 536 | CB23: 722 | CC23: 722 | CD23: 722 | CE23: 797 | CF23: 315 | CG23: 196 | CH23: 818 | CI23: 292 | CJ23: 173 | CK23: 818 | CL23: 292 | CM23: 173 | CN23: 818 | CO23: 287 | CP23: 173 | CQ23: 395 | CR23: 395 | CS23: 395 | CT23: 799 | CU23: 292 | CV23: 173 | CW23: 806 | CX23: 284 | CY23: 173 | CZ23: 818 | DA23: 284 | DB23: 173 | DC23: 807 | DD23: 294 | DE23: 173 | DF23: 803 | DG23: 284 | DH23: 173 | DI23: 792 | DJ23: 284 | DK23: 173 | DL23: 797 | DM23: 295 | DN23: 173
A24: MALMO | B24: =BP2 -> 305 | C24: =BQ2 -> 300 | D24: =BR2 -> 293 | E24: =BP3 -> 849 | F24: =BQ3 -> 822 | G24: =BR3 -> 562 | H24: =BP4 -> 465 | I24: =BQ4 -> 463 | J24: =BR4 -> 462 | K24: =BP5 -> 849 | L24: =BQ5 -> 631 | M24: =BR5 -> 562 | N24: =BP6 -> 822 | O24: =BQ6 -> 631 | P24: =BR6 -> 562 | Q24: =BP7 -> 535 | R24: =BQ7 -> 535 | S24: =BR7 -> 535 | T24: =BP8 -> 509 | U24: =BQ8 -> 509 | V24: =BR8 -> 509 | W24: =BP9 -> 244 | X24: =BQ9 -> 244 | Y24: =BR9 -> 244 | Z24: =BP10 -> 533 | AA24: =BQ10 -> 533 | AB24: =BR10 -> 533 | AC24: =BP11 -> 849 | AD24: =BQ11 -> 822 | AE24: =BR11 -> 562 | AF24: =BP12 -> 849 | AG24: =BQ12 -> 822 | AH24: =BR12 -> 562 | AI24: =BP13 -> 822 | AJ24: =BQ13 -> 631 | AK24: =BR13 -> 562 | AL24: =BP14 -> 984 | AM24: =BQ14 -> 631 | AN24: =BR14 -> 562 | AO24: =BP15 -> 540 | AP24: =BQ15 -> 540 | AQ24: =BR15 -> 540 | AR24: =BP16 -> 589 | AS24: =BQ16 -> 589 | AT24: =BR16 -> 589 | AU24: =BP17 -> 510 | AV24: =BQ17 -> 510 | AW24: =BR17 -> 510 | AX24: =BP18 -> 281 | AY24: =BQ18 -> 281 | AZ24: =BR18 -> 281 | BA24: =BP19 -> 562 | BB24: =BQ19 -> 562 | BC24: =BR19 -> 562 | BD24: =BP20 -> 398 | BE24: =BQ20 -> 398 | BF24: =BR20 -> 398 | BG24: =BP21 -> 849 | BH24: =BQ21 -> 835 | BI24: =BR21 -> 822 | BJ24: =BP22 -> 827 | BK24: =BQ22 -> 631 | BL24: =BR22 -> 569 | BM24: =BP23 -> 415 | BN24: =BQ23 -> 415 | BO24: =BR23 -> 415 | BP24: 0 | BQ24: 0 | BR24: 0 | BS24: 32 | BT24: 32 | BU24: 32 | BV24: 849 | BW24: 635 | BX24: 562 | BY24: 577 | BZ24: 577 | CA24: 577 | CB24: 317 | CC24: 317 | CD24: 317 | CE24: 824 | CF24: 659 | CG24: 585 | CH24: 849 | CI24: 631 | CJ24: 562 | CK24: 837 | CL24: 632 | CM24: 562 | CN24: 835 | CO24: 631 | CP24: 562 | CQ24: 340 | CR24: 340 | CS24: 340 | CT24: 835 | CU24: 633 | CV24: 562 | CW24: 839 | CX24: 631 | CY24: 562 | CZ24: 840 | DA24: 631 | DB24: 562 | DC24: 841 | DD24: 631 | DE24: 562 | DF24: 822 | DG24: 631 | DH24: 562 | DI24: 849 | DJ24: 631 | DK24: 562 | DL24: 876 | DM24: 634 | DN24: 562
A25: HELSINGBORG | B25: =BS2 -> 320 | C25: =BT2 -> 315 | D25: =BU2 -> 313 | E25: =BS3 -> 871 | F25: =BT3 -> 843 | G25: =BU3 -> 533 | H25: =BS4 -> 485 | I25: =BT4 -> 483 | J25: =BU4 -> 482 | K25: =BS5 -> 869 | L25: =BT5 -> 602 | M25: =BU5 -> 533 | N25: =BS6 -> 608 | O25: =BT6 -> 602 | P25: =BU6 -> 533 | Q25: =BS7 -> 555 | R25: =BT7 -> 555 | S25: =BU7 -> 555 | T25: =BS8 -> 528 | U25: =BT8 -> 528 | V25: =BU8 -> 528 | W25: =BS9 -> 264 | X25: =BT9 -> 264 | Y25: =BU9 -> 264 | Z25: =BS10 -> 555 | AA25: =BT10 -> 555 | AB25: =BU10 -> 555 | AC25: =BS11 -> 869 | AD25: =BT11 -> 842 | AE25: =BU11 -> 533 | AF25: =BS12 -> 871 | AG25: =BT12 -> 842 | AH25: =BU12 -> 533 | AI25: =BS13 -> 842 | AJ25: =BT13 -> 602 | AK25: =BU13 -> 533 | AL25: =BS14 -> 955 | AM25: =BT14 -> 602 | AN25: =BU14 -> 533 | AO25: =BS15 -> 559 | AP25: =BT15 -> 559 | AQ25: =BU15 -> 559 | AR25: =BS16 -> 579 | AS25: =BT16 -> 579 | AT25: =BU16 -> 579 | AU25: =BS17 -> 530 | AV25: =BT17 -> 530 | AW25: =BU17 -> 530 | AX25: =BS18 -> 302 | AY25: =BT18 -> 302 | AZ25: =BU18 -> 302 | BA25: =BS19 -> 533 | BB25: =BT19 -> 533 | BC25: =BU19 -> 533 | BD25: =BS20 -> 369 | BE25: =BT20 -> 369 | BF25: =BU20 -> 369 | BG25: =BS21 -> 869 | BH25: =BT21 -> 854 | BI25: =BU21 -> 842 | BJ25: =BS22 -> 844 | BK25: =BT22 -> 602 | BL25: =BU22 -> 533 | BM25: =BS23 -> 386 | BN25: =BT23 -> 386 | BO25: =BU23 -> 386 | BP25: =BS24 -> 32 | BQ25: =BT24 -> 32 | BR25: =BU24 -> 32 | BS25: 0 | BT25: 0 | BU25: 0 | BV25: 869 | BW25: 602 | BX25: 533 | BY25: 597 | BZ25: 597 | CA25: 597 | CB25: 338 | CC25: 338 | CD25: 338 | CE25: 848 | CF25: 843 | CG25: 844 | CH25: 844 | CI25: 602 | CJ25: 533 | CK25: 855 | CL25: 602 | CM25: 533 | CN25: 858 | CO25: 602 | CP25: 543 | CQ25: 360 | CR25: 360 | CS25: 360 | CT25: 856 | CU25: 605 | CV25: 533 | CW25: 869 | CX25: 855 | CY25: 842 | CZ25: 869 | DA25: 854 | DB25: 842 | DC25: 869 | DD25: 855 | DE25: 842 | DF25: 869 | DG25: 854 | DH25: 842 | DI25: 869 | DJ25: 852 | DK25: 842 | DL25: 869 | DM25: 854 | DN25: 842
A26: SINES | B26: =BV2 -> 637 | C26: =BW2 -> 609 | D26: =BX2 -> 536 | E26: =BV3 -> 0 | F26: =BW3 -> 0 | G26: =BX3 -> 0 | H26: =BV4 -> 405 | I26: =BW4 -> 389 | J26: =BX4 -> 378 | K26: =BV5 -> 0 | L26: =BW5 -> 0 | M26: =BX5 -> 0 | N26: =BV6 -> 0 | O26: =BW6 -> 0 | P26: =BX6 -> 0 | Q26: =BV7 -> 403 | R26: =BW7 -> 385 | S26: =BX7 -> 375 | T26: =BV8 -> 367 | U26: =BW8 -> 351 | V26: =BX8 -> 339 | W26: =BV9 -> 674 | X26: =BW9 -> 657 | Y26: =BX9 -> 646 | Z26: =BV10 -> 1307 | AA26: =BW10 -> 1290 | AB26: =BX10 -> 1279 | AC26: =BV11 -> 0 | AD26: =BW11 -> 0 | AE26: =BX11 -> 0 | AF26: =BV12 -> 0 | AG26: =BW12 -> 0 | AH26: =BX12 -> 0 | AI26: =BV13 -> 0 | AJ26: =BW13 -> 0 | AK26: =BX13 -> 0 | AL26: =BV14 -> 0 | AM26: =BW14 -> 0 | AN26: =BX14 -> 0 | AO26: =BV15 -> 337 | AP26: =BW15 -> 322 | AQ26: =BX15 -> 309 | AR26: =BV16 -> 586 | AS26: =BW16 -> 570 | AT26: =BX16 -> 559 | AU26: =BV17 -> 377 | AV26: =BW17 -> 362 | AW26: =BX17 -> 350 | AX26: =BV18 -> 1043 | AY26: =BW18 -> 1027 | AZ26: =BX18 -> 1016 | BA26: =BV19 -> 205 | BB26: =BW19 -> 114 | BC26: =BX19 -> 0 | BD26: =BV20 -> 794 | BE26: =BW20 -> 310 | BF26: =BX20 -> 210 | BG26: =BV21 -> 0 | BH26: =BW21 -> 0 | BI26: =BX21 -> 0 | BJ26: =BV22 -> 0 | BK26: =BW22 -> 0 | BL26: =BX22 -> 0 | BM26: =BV23 -> 802 | BN26: =BW23 -> 292 | BO26: =BX23 -> 173 | BP26: =BV24 -> 849 | BQ26: =BW24 -> 635 | BR26: =BX24 -> 562 | BS26: =BV25 -> 869 | BT26: =BW25 -> 602 | BU26: =BX25 -> 533 | BV26: 0 | BW26: 0 | BX26: 0 | BY26: 379 | BZ26: 365 | CA26: 352 | CB26: 1088 | CC26: 1075 | CD26: 1061 | CE26: 28 | CF26: 14 | CG26: 0 | CH26: 0 | CI26: 0 | CJ26: 0 | CK26: 0 | CL26: 0 | CM26: 0 | CN26: 0 | CO26: 0 | CP26: 0 | CQ26: 575 | CR26: 566 | CS26: 552 | CT26: 0 | CU26: 0 | CV26: 0 | CW26: 0 | CX26: 0 | CY26: 0 | CZ26: 0 | DA26: 0 | DB26: 0 | DC26: 0 | DD26: 0 | DE26: 0 | DF26: 0 | DG26: 0 | DH26: 0 | DI26: 0 | DJ26: 0 | DK26: 0 | DL26: 0 | DM26: 0 | DN26: 0
A27: TILBURY | B27: =BY2 -> 370 | C27: =BZ2 -> 366 | D27: =CA2 -> 364 | E27: =BY3 -> 379 | F27: =BZ3 -> 361 | G27: =CA3 -> 352 | H27: =BY4 -> 150 | I27: =BZ4 -> 148 | J27: =CA4 -> 145 | K27: =BY5 -> 379 | L27: =BZ5 -> 362 | M27: =CA5 -> 351 | N27: =BY6 -> 356 | O27: =BZ6 -> 355 | P27: =CA6 -> 351 | Q27: =BY7 -> 153 | R27: =BZ7 -> 153 | S27: =CA7 -> 153 | T27: =BY8 -> 118 | U27: =BZ8 -> 118 | V27: =CA8 -> 118 | W27: =BY9 -> 401 | X27: =BZ9 -> 401 | Y27: =CA9 -> 401 | Z27: =BY10 -> 1046 | AA27: =BZ10 -> 1046 | AB27: =CA10 -> 1046 | AC27: =BY11 -> 379 | AD27: =BZ11 -> 363 | AE27: =CA11 -> 351 | AF27: =BY12 -> 379 | AG27: =BZ12 -> 363 | AH27: =CA12 -> 351 | AI27: =BY13 -> 379 | AJ27: =BZ13 -> 363 | AK27: =CA13 -> 352 | AL27: =BY14 -> 379 | AM27: =BZ14 -> 364 | AN27: =CA14 -> 352 | AO27: =BY15 -> 96 | AP27: =BZ15 -> 96 | AQ27: =CA15 -> 96 | AR27: =BY16 -> 304 | AS27: =BZ16 -> 304 | AT27: =CA16 -> 304 | AU27: =BY17 -> 128 | AV27: =BZ17 -> 128 | AW27: =CA17 -> 128 | AX27: =BY18 -> 771 | AY27: =BZ18 -> 771 | AZ27: =CA18 -> 771 | BA27: =BY19 -> 678 | BB27: =BZ19 -> 675 | BC27: =CA19 -> 351 | BD27: =BY20 -> 523 | BE27: =BZ20 -> 523 | BF27: =CA20 -> 523 | BG27: =BY21 -> 379 | BH27: =BZ21 -> 367 | BI27: =CA21 -> 352 | BJ27: =BY22 -> 379 | BK27: =BZ22 -> 362 | BL27: =CA22 -> 352 | BM27: =BY23 -> 536 | BN27: =BZ23 -> 536 | BO27: =CA23 -> 536 | BP27: =BY24 -> 577 | BQ27: =BZ24 -> 577 | BR27: =CA24 -> 577 | BS27: =BY25 -> 597 | BT27: =BZ25 -> 597 | BU27: =CA25 -> 597 | BV27: =BY26 -> 379 | BW27: =BZ26 -> 365 | BX27: =CA26 -> 352 | BY27: 0 | BZ27: 0 | CA27: 0 | CB27: 816 | CC27: 816 | CD27: 816 | CE27: 357 | CF27: 354 | CG27: 352 | CH27: 379 | CI27: 364 | CJ27: 352 | CK27: 376 | CL27: 365 | CM27: 367 | CN27: 378 | CO27: 368 | CP27: 353 | CQ27: 303 | CR27: 303 | CS27: 303 | CT27: 376 | CU27: 364 | CV27: 354 | CW27: 374 | CX27: 360 | CY27: 353 | CZ27: 377 | DA27: 371 | DB27: 354 | DC27: 377 | DD27: 366 | DE27: 355 | DF27: 375 | DG27: 365 | DH27: 356 | DI27: 379 | DJ27: 366 | DK27: 354 | DL27: 378 | DM27: 363 | DN27: 354
A28: KLAIPEDA | B28: =CB2 -> 540 | C28: =CC2 -> 536 | D28: =CD2 -> 532 | E28: =CB3 -> 1088 | F28: =CC3 -> 950 | G28: =CD3 -> 868 | H28: =CB4 -> 705 | I28: =CC4 -> 702 | J28: =CD4 -> 701 | K28: =CB5 -> 1088 | L28: =CC5 -> 1061 | M28: =CD5 -> 868 | N28: =CB6 -> 1061 | O28: =CC6 -> 937 | P28: =CD6 -> 868 | Q28: =CB7 -> 774 | R28: =CC7 -> 774 | S28: =CD7 -> 774 | T28: =CB8 -> 747 | U28: =CC8 -> 747 | V28: =CD8 -> 747 | W28: =CB9 -> 483 | X28: =CC9 -> 483 | Y28: =CD9 -> 483 | Z28: =CB10 -> 337 | AA28: =CC10 -> 337 | AB28: =CD10 -> 337 | AC28: =CB11 -> 1088 | AD28: =CC11 -> 1061 | AE28: =CD11 -> 868 | AF28: =CB12 -> 1088 | AG28: =CC12 -> 1061 | AH28: =CD12 -> 868 | AI28: =CB13 -> 1264 | AJ28: =CC13 -> 937 | AK28: =CD13 -> 868 | AL28: =CB14 -> 1290 | AM28: =CC14 -> 937 | AN28: =CD14 -> 868 | AO28: =CB15 -> 778 | AP28: =CC15 -> 778 | AQ28: =CD15 -> 778 | AR28: =CB16 -> 827 | AS28: =CC16 -> 827 | AT28: =CD16 -> 827 | AU28: =CB17 -> 749 | AV28: =CC17 -> 749 | AW28: =CD17 -> 749 | AX28: =CB18 -> 119 | AY28: =CC18 -> 119 | AZ28: =CD18 -> 119 | BA28: =CB19 -> 868 | BB28: =CC19 -> 868 | BC28: =CD19 -> 868 | BD28: =CB20 -> 704 | BE28: =CC20 -> 704 | BF28: =CD20 -> 704 | BG28: =CB21 -> 1088 | BH28: =CC21 -> 1072 | BI28: =CD21 -> 1062 | BJ28: =CB22 -> 1073 | BK28: =CC22 -> 937 | BL28: =CD22 -> 868 | BM28: =CB23 -> 722 | BN28: =CC23 -> 722 | BO28: =CD23 -> 722 | BP28: =CB24 -> 317 | BQ28: =CC24 -> 317 | BR28: =CD24 -> 317 | BS28: =CB25 -> 338 | BT28: =CC25 -> 338 | BU28: =CD25 -> 338 | BV28: =CB26 -> 1088 | BW28: =CC26 -> 1075 | BX28: =CD26 -> 1061 | BY28: =CB27 -> 816 | BZ28: =CC27 -> 816 | CA28: =CD27 -> 816 | CB28: 0 | CC28: 0 | CD28: 0 | CE28: 1061 | CF28: 1065 | CG28: 1062 | CH28: 1088 | CI28: 1073 | CJ28: 1063 | CK28: 1083 | CL28: 1072 | CM28: 1063 | CN28: 1085 | CO28: 1072 | CP28: 1061 | CQ28: 579 | CR28: 579 | CS28: 579 | CT28: 1088 | CU28: 1072 | CV28: 1061 | CW28: 1085 | CX28: 1073 | CY28: 1061 | CZ28: 1083 | DA28: 1074 | DB28: 1062 | DC28: 1084 | DD28: 1073 | DE28: 1061 | DF28: 1083 | DG28: 1073 | DH28: 1061 | DI28: 1086 | DJ28: 1076 | DK28: 1061 | DL28: 1084 | DM28: 1073 | DN28: 1061
A29: FALMOUTH | B29: =CE2 -> 612 | C29: =CF2 -> 609 | D29: =CG2 -> 560 | E29: =CE3 -> 54 | F29: =CF3 -> 36 | G29: =CG3 -> 23 | H29: =CE4 -> 380 | I29: =CF4 -> 379 | J29: =CG4 -> 376 | K29: =CE5 -> 28 | L29: =CF5 -> 23 | M29: =CG5 -> 0 | N29: =CE6 -> 23 | O29: =CF6 -> 12 | P29: =CG6 -> 0 | Q29: =CE7 -> 378 | R29: =CF7 -> 377 | S29: =CG7 -> 374 | T29: =CE8 -> 342 | U29: =CF8 -> 340 | V29: =CG8 -> 338 | W29: =CE9 -> 649 | X29: =CF9 -> 647 | Y29: =CG9 -> 646 | Z29: =CE10 -> 1292 | AA29: =CF10 -> 1282 | AB29: =CG10 -> 1279 | AC29: =CE11 -> 28 | AD29: =CF11 -> 17 | AE29: =CG11 -> 0 | AF29: =CE12 -> 28 | AG29: =CF12 -> 21 | AH29: =CG12 -> 960 | AI29: =CE13 -> 54 | AJ29: =CF13 -> 32 | AK29: =CG13 -> 0 | AL29: =CE14 -> 54 | AM29: =CF14 -> 22 | AN29: =CG14 -> 0 | AO29: =CE15 -> 312 | AP29: =CF15 -> 310 | AQ29: =CG15 -> 308 | AR29: =CE16 -> 561 | AS29: =CF16 -> 559 | AT29: =CG16 -> 557 | AU29: =CE17 -> 358 | AV29: =CF17 -> 355 | AW29: =CG17 -> 350 | AX29: =CE18 -> 1024 | AY29: =CF18 -> 1018 | AZ29: =CG18 -> 1016 | BA29: =CE19 -> 936 | BB29: =CF19 -> 231 | BC29: =CG19 -> 23 | BD29: =CE20 -> 780 | BE29: =CF20 -> 333 | BF29: =CG20 -> 233 | BG29: =CE21 -> 28 | BH29: =CF21 -> 16 | BI29: =CG21 -> 0 | BJ29: =CE22 -> 23 | BK29: =CF22 -> 12 | BL29: =CG22 -> 0 | BM29: =CE23 -> 797 | BN29: =CF23 -> 315 | BO29: =CG23 -> 196 | BP29: =CE24 -> 824 | BQ29: =CF24 -> 659 | BR29: =CG24 -> 585 | BS29: =CE25 -> 848 | BT29: =CF25 -> 843 | BU29: =CG25 -> 844 | BV29: =CE26 -> 28 | BW29: =CF26 -> 14 | BX29: =CG26 -> 0 | BY29: =CE27 -> 357 | BZ29: =CF27 -> 354 | CA29: =CG27 -> 352 | CB29: =CE28 -> 1061 | CC29: =CF28 -> 1065 | CD29: =CG28 -> 1062 | CE29: 0 | CF29: 0 | CG29: 0 | CH29: 28 | CI29: 12 | CJ29: 0 | CK29: 54 | CL29: 27 | CM29: 0 | CN29: 28 | CO29: 16 | CP29: 0 | CQ29: 556 | CR29: 550 | CS29: 547 | CT29: 28 | CU29: 18 | CV29: 0 | CW29: 28 | CX29: 14 | CY29: 0 | CZ29: 28 | DA29: 18 | DB29: 0 | DC29: 28 | DD29: 17 | DE29: 0 | DF29: 28 | DG29: 19 | DH29: 0 | DI29: 28 | DJ29: 17 | DK29: 0 | DL29: 28 | DM29: 18 | DN29: 0
A30: LAS PALMAS | B30: =CH2 -> 637 | C30: =CI2 -> 609 | D30: =CJ2 -> 536 | E30: =CH3 -> 0 | F30: =CI3 -> 0 | G30: =CJ3 -> 0 | H30: =CH4 -> 405 | I30: =CI4 -> 388 | J30: =CJ4 -> 378 | K30: =CH5 -> 0 | L30: =CI5 -> 0 | M30: =CJ5 -> 0 | N30: =CH6 -> 0 | O30: =CI6 -> 0 | P30: =CJ6 -> 0 | Q30: =CH7 -> 403 | R30: =CI7 -> 387 | S30: =CJ7 -> 375 | T30: =CH8 -> 367 | U30: =CI8 -> 351 | V30: =CJ8 -> 339 | W30: =CH9 -> 674 | X30: =CI9 -> 659 | Y30: =CJ9 -> 646 | Z30: =CH10 -> 1307 | AA30: =CI10 -> 1291 | AB30: =CJ10 -> 1279 | AC30: =CH11 -> 0 | AD30: =CI11 -> 0 | AE30: =CJ11 -> 0 | AF30: =CH12 -> 0 | AG30: =CI12 -> 0 | AH30: =CJ12 -> 0 | AI30: =CH13 -> 0 | AJ30: =CI13 -> 0 | AK30: =CJ13 -> 0 | AL30: =CH14 -> 0 | AM30: =CI14 -> 0 | AN30: =CJ14 -> 0 | AO30: =CH15 -> 337 | AP30: =CI15 -> 322 | AQ30: =CJ15 -> 309 | AR30: =CH16 -> 586 | AS30: =CI16 -> 571 | AT30: =CJ16 -> 559 | AU30: =CH17 -> 377 | AV30: =CI17 -> 361 | AW30: =CJ17 -> 350 | AX30: =CH18 -> 1043 | AY30: =CI18 -> 1028 | AZ30: =CJ18 -> 1016 | BA30: =CH19 -> 205 | BB30: =CI19 -> 105 | BC30: =CJ19 -> 0 | BD30: =CH20 -> 814 | BE30: =CI20 -> 308 | BF30: =CJ20 -> 210 | BG30: =CH21 -> 0 | BH30: =CI21 -> 0 | BI30: =CJ21 -> 0 | BJ30: =CH22 -> 0 | BK30: =CI22 -> 0 | BL30: =CJ22 -> 0 | BM30: =CH23 -> 818 | BN30: =CI23 -> 292 | BO30: =CJ23 -> 173 | BP30: =CH24 -> 849 | BQ30: =CI24 -> 631 | BR30: =CJ24 -> 562 | BS30: =CH25 -> 844 | BT30: =CI25 -> 602 | BU30: =CJ25 -> 533 | BV30: =CH26 -> 0 | BW30: =CI26 -> 0 | BX30: =CJ26 -> 0 | BY30: =CH27 -> 379 | BZ30: =CI27 -> 364 | CA30: =CJ27 -> 352 | CB30: =CH28 -> 1088 | CC30: =CI28 -> 1073 | CD30: =CJ28 -> 1063 | CE30: =CH29 -> 28 | CF30: =CI29 -> 12 | CG30: =CJ29 -> 0 | CH30: 0 | CI30: 0 | CJ30: 0 | CK30: 0 | CL30: 0 | CM30: 0 | CN30: 0 | CO30: 0 | CP30: 0 | CQ30: 569 | CR30: 559 | CS30: 548 | CT30: 0 | CU30: 0 | CV30: 0 | CW30: 0 | CX30: 0 | CY30: 0 | CZ30: 0 | DA30: 0 | DB30: 0 | DC30: 0 | DD30: 0 | DE30: 0 | DF30: 0 | DG30: 0 | DH30: 0 | DI30: 0 | DJ30: 0 | DK30: 0 | DL30: 0 | DM30: 0 | DN30: 0
A31: SANTANDER | B31: =CK2 -> 637 | C31: =CL2 -> 609 | D31: =CM2 -> 536 | E31: =CK3 -> 0 | F31: =CL3 -> 0 | G31: =CM3 -> 0 | H31: =CK4 -> 405 | I31: =CL4 -> 388 | J31: =CM4 -> 378 | K31: =CK5 -> 0 | L31: =CL5 -> 0 | M31: =CM5 -> 0 | N31: =CK6 -> 0 | O31: =CL6 -> 0 | P31: =CM6 -> 0 | Q31: =CK7 -> 403 | R31: =CL7 -> 386 | S31: =CM7 -> 375 | T31: =CK8 -> 367 | U31: =CL8 -> 351 | V31: =CM8 -> 339 | W31: =CK9 -> 674 | X31: =CL9 -> 659 | Y31: =CM9 -> 646 | Z31: =CK10 -> 1307 | AA31: =CL10 -> 1291 | AB31: =CM10 -> 1279 | AC31: =CK11 -> 0 | AD31: =CL11 -> 0 | AE31: =CM11 -> 0 | AF31: =CK12 -> 0 | AG31: =CL12 -> 0 | AH31: =CM12 -> 0 | AI31: =CK13 -> 0 | AJ31: =CL13 -> 0 | AK31: =CM13 -> 0 | AL31: =CK14 -> 0 | AM31: =CL14 -> 0 | AN31: =CM14 -> 0 | AO31: =CK15 -> 337 | AP31: =CL15 -> 321 | AQ31: =CM15 -> 309 | AR31: =CK16 -> 586 | AS31: =CL16 -> 573 | AT31: =CM16 -> 559 | AU31: =CK17 -> 377 | AV31: =CL17 -> 363 | AW31: =CM17 -> 350 | AX31: =CK18 -> 1043 | AY31: =CL18 -> 1029 | AZ31: =CM18 -> 1016 | BA31: =CK19 -> 961 | BB31: =CL19 -> 218 | BC31: =CM19 -> 0 | BD31: =CK20 -> 783 | BE31: =CL20 -> 307 | BF31: =CM20 -> 210 | BG31: =CK21 -> 0 | BH31: =CL21 -> 0 | BI31: =CM21 -> 0 | BJ31: =CK22 -> 0 | BK31: =CL22 -> 0 | BL31: =CM22 -> 0 | BM31: =CK23 -> 818 | BN31: =CL23 -> 292 | BO31: =CM23 -> 173 | BP31: =CK24 -> 837 | BQ31: =CL24 -> 632 | BR31: =CM24 -> 562 | BS31: =CK25 -> 855 | BT31: =CL25 -> 602 | BU31: =CM25 -> 533 | BV31: =CK26 -> 0 | BW31: =CL26 -> 0 | BX31: =CM26 -> 0 | BY31: =CK27 -> 376 | BZ31: =CL27 -> 365 | CA31: =CM27 -> 367 | CB31: =CK28 -> 1083 | CC31: =CL28 -> 1072 | CD31: =CM28 -> 1063 | CE31: =CK29 -> 54 | CF31: =CL29 -> 27 | CG31: =CM29 -> 0 | CH31: =CK30 -> 0 | CI31: =CL30 -> 0 | CJ31: =CM30 -> 0 | CK31: 0 | CL31: 0 | CM31: 0 | CN31: 0 | CO31: 0 | CP31: 0 | CQ31: 575 | CR31: 562 | CS31: 548 | CT31: 0 | CU31: 0 | CV31: 0 | CW31: 0 | CX31: 0 | CY31: 0 | CZ31: 0 | DA31: 0 | DB31: 0 | DC31: 0 | DD31: 0 | DE31: 0 | DF31: 0 | DG31: 0 | DH31: 0 | DI31: 0 | DJ31: 0 | DK31: 0 | DL31: 0 | DM31: 0 | DN31: 0
A32: VIGO | B32: =CN2 -> 637 | C32: =CO2 -> 609 | D32: =CP2 -> 536 | E32: =CN3 -> 0 | F32: =CO3 -> 0 | G32: =CP3 -> 0 | H32: =CN4 -> 405 | I32: =CO4 -> 388 | J32: =CP4 -> 378 | K32: =CN5 -> 0 | L32: =CO5 -> 0 | M32: =CP5 -> 0 | N32: =CN6 -> 0 | O32: =CO6 -> 0 | P32: =CP6 -> 0 | Q32: =CN7 -> 403 | R32: =CO7 -> 385 | S32: =CP7 -> 375 | T32: =CN8 -> 367 | U32: =CO8 -> 351 | V32: =CP8 -> 339 | W32: =CN9 -> 674 | X32: =CO9 -> 659 | Y32: =CP9 -> 646 | Z32: =CN10 -> 1307 | AA32: =CO10 -> 1292 | AB32: =CP10 -> 1279 | AC32: =CN11 -> 0 | AD32: =CO11 -> 0 | AE32: =CP11 -> 0 | AF32: =CN12 -> 0 | AG32: =CO12 -> 0 | AH32: =CP12 -> 0 | AI32: =CN13 -> 0 | AJ32: =CO13 -> 0 | AK32: =CP13 -> 0 | AL32: =CN14 -> 0 | AM32: =CO14 -> 0 | AN32: =CP14 -> 0 | AO32: =CN15 -> 337 | AP32: =CO15 -> 320 | AQ32: =CP15 -> 309 | AR32: =CN16 -> 586 | AS32: =CO16 -> 572 | AT32: =CP16 -> 559 | AU32: =CN17 -> 377 | AV32: =CO17 -> 362 | AW32: =CP17 -> 350 | AX32: =CN18 -> 1043 | AY32: =CO18 -> 1028 | AZ32: =CP18 -> 1016 | BA32: =CN19 -> 205 | BB32: =CO19 -> 118 | BC32: =CP19 -> 0 | BD32: =CN20 -> 788 | BE32: =CO20 -> 310 | BF32: =CP20 -> 210 | BG32: =CN21 -> 0 | BH32: =CO21 -> 0 | BI32: =CP21 -> 0 | BJ32: =CN22 -> 0 | BK32: =CO22 -> 0 | BL32: =CP22 -> 0 | BM32: =CN23 -> 818 | BN32: =CO23 -> 287 | BO32: =CP23 -> 173 | BP32: =CN24 -> 835 | BQ32: =CO24 -> 631 | BR32: =CP24 -> 562 | BS32: =CN25 -> 858 | BT32: =CO25 -> 602 | BU32: =CP25 -> 543 | BV32: =CN26 -> 0 | BW32: =CO26 -> 0 | BX32: =CP26 -> 0 | BY32: =CN27 -> 378 | BZ32: =CO27 -> 368 | CA32: =CP27 -> 353 | CB32: =CN28 -> 1085 | CC32: =CO28 -> 1072 | CD32: =CP28 -> 1061 | CE32: =CN29 -> 28 | CF32: =CO29 -> 16 | CG32: =CP29 -> 0 | CH32: =CN30 -> 0 | CI32: =CO30 -> 0 | CJ32: =CP30 -> 0 | CK32: =CN31 -> 0 | CL32: =CO31 -> 0 | CM32: =CP31 -> 0 | CN32: 0 | CO32: 0 | CP32: 0 | CQ32: 575 | CR32: 561 | CS32: 548 | CT32: 0 | CU32: 0 | CV32: 0 | CW32: 0 | CX32: 0 | CY32: 0 | CZ32: 0 | DA32: 0 | DB32: 0 | DC32: 0 | DD32: 0 | DE32: 0 | DF32: 0 | DG32: 0 | DH32: 0 | DI32: 0 | DJ32: 0 | DK32: 0 | DL32: 0 | DM32: 0 | DN32: 0
A33: EMDEN | B33: =CQ2 -> 135 | C33: =CR2 -> 130 | D33: =CS2 -> 127 | E33: =CQ3 -> 575 | F33: =CR3 -> 549 | G33: =CS3 -> 505 | H33: =CQ4 -> 190 | I33: =CR4 -> 189 | J33: =CS4 -> 188 | K33: =CQ5 -> 575 | L33: =CR5 -> 559 | M33: =CS5 -> 548 | N33: =CQ6 -> 555 | O33: =CR6 -> 548 | P33: =CS6 -> 505 | Q33: =CQ7 -> 261 | R33: =CR7 -> 261 | S33: =CS7 -> 261 | T33: =CQ8 -> 234 | U33: =CR8 -> 234 | V33: =CS8 -> 234 | W33: =CQ9 -> 164 | X33: =CR9 -> 164 | Y33: =CS9 -> 164 | Z33: =CQ10 -> 797 | AA33: =CR10 -> 797 | AB33: =CS10 -> 797 | AC33: =CQ11 -> 575 | AD33: =CR11 -> 561 | AE33: =CS11 -> 548 | AF33: =CQ12 -> 576 | AG33: =CR12 -> 548 | AH33: =CS12 -> 505 | AI33: =CQ13 -> 575 | AJ33: =CR13 -> 548 | AK33: =CS13 -> 505 | AL33: =CQ14 -> 575 | AM33: =CR14 -> 562 | AN33: =CS14 -> 548 | AO33: =CQ15 -> 266 | AP33: =CR15 -> 266 | AQ33: =CS15 -> 266 | AR33: =CQ16 -> 327 | AS33: =CR16 -> 327 | AT33: =CS16 -> 327 | AU33: =CQ17 -> 236 | AV33: =CR17 -> 236 | AW33: =CS17 -> 236 | AX33: =CQ18 -> 534 | AY33: =CR18 -> 534 | AZ33: =CS18 -> 534 | BA33: =CQ19 -> 542 | BB33: =CR19 -> 542 | BC33: =CS19 -> 542 | BD33: =CQ20 -> 378 | BE33: =CR20 -> 378 | BF33: =CS20 -> 378 | BG33: =CQ21 -> 575 | BH33: =CR21 -> 561 | BI33: =CS21 -> 549 | BJ33: =CQ22 -> 575 | BK33: =CR22 -> 548 | BL33: =CS22 -> 505 | BM33: =CQ23 -> 395 | BN33: =CR23 -> 395 | BO33: =CS23 -> 395 | BP33: =CQ24 -> 340 | BQ33: =CR24 -> 340 | BR33: =CS24 -> 340 | BS33: =CQ25 -> 360 | BT33: =CR25 -> 360 | BU33: =CS25 -> 360 | BV33: =CQ26 -> 575 | BW33: =CR26 -> 566 | BX33: =CS26 -> 552 | BY33: =CQ27 -> 303 | BZ33: =CR27 -> 303 | CA33: =CS27 -> 303 | CB33: =CQ28 -> 579 | CC33: =CR28 -> 579 | CD33: =CS28 -> 579 | CE33: =CQ29 -> 556 | CF33: =CR29 -> 550 | CG33: =CS29 -> 547 | CH33: =CQ30 -> 569 | CI33: =CR30 -> 559 | CJ33: =CS30 -> 548 | CK33: =CQ31 -> 575 | CL33: =CR31 -> 562 | CM33: =CS31 -> 548 | CN33: =CQ32 -> 575 | CO33: =CR32 -> 561 | CP33: =CS32 -> 548 | CQ33: 0 | CR33: 0 | CS33: 0 | CT33: 575 | CU33: 558 | CV33: 549 | CW33: 575 | CX33: 563 | CY33: 549 | CZ33: 571 | DA33: 561 | DB33: 548 | DC33: 573 | DD33: 564 | DE33: 550 | DF33: 570 | DG33: 559 | DH33: 548 | DI33: 573 | DJ33: 560 | DK33: 549 | DL33: 571 | DM33: 560 | DN33: 549
A34: CADIZ | B34: =CT2 -> 637 | C34: =CU2 -> 609 | D34: =CV2 -> 536 | E34: =CT3 -> 0 | F34: =CU3 -> 0 | G34: =CV3 -> 0 | H34: =CT4 -> 405 | I34: =CU4 -> 388 | J34: =CV4 -> 378 | K34: =CT5 -> 0 | L34: =CU5 -> 0 | M34: =CV5 -> 0 | N34: =CT6 -> 0 | O34: =CU6 -> 0 | P34: =CV6 -> 0 | Q34: =CT7 -> 403 | R34: =CU7 -> 387 | S34: =CV7 -> 375 | T34: =CT8 -> 367 | U34: =CU8 -> 351 | V34: =CV8 -> 339 | W34: =CT9 -> 674 | X34: =CU9 -> 658 | Y34: =CV9 -> 646 | Z34: =CT10 -> 1307 | AA34: =CU10 -> 1291 | AB34: =CV10 -> 1279 | AC34: =CT11 -> 0 | AD34: =CU11 -> 0 | AE34: =CV11 -> 0 | AF34: =CT12 -> 0 | AG34: =CU12 -> 0 | AH34: =CV12 -> 0 | AI34: =CT13 -> 0 | AJ34: =CU13 -> 0 | AK34: =CV13 -> 0 | AL34: =CT14 -> 0 | AM34: =CU14 -> 0 | AN34: =CV14 -> 0 | AO34: =CT15 -> 337 | AP34: =CU15 -> 321 | AQ34: =CV15 -> 309 | AR34: =CT16 -> 586 | AS34: =CU16 -> 571 | AT34: =CV16 -> 559 | AU34: =CT17 -> 377 | AV34: =CU17 -> 362 | AW34: =CV17 -> 350 | AX34: =CT18 -> 1043 | AY34: =CU18 -> 1027 | AZ34: =CV18 -> 1016 | BA34: =CT19 -> 195 | BB34: =CU19 -> 109 | BC34: =CV19 -> 0 | BD34: =CT20 -> 790 | BE34: =CU20 -> 304 | BF34: =CV20 -> 210 | BG34: =CT21 -> 0 | BH34: =CU21 -> 0 | BI34: =CV21 -> 0 | BJ34: =CT22 -> 0 | BK34: =CU22 -> 0 | BL34: =CV22 -> 0 | BM34: =CT23 -> 799 | BN34: =CU23 -> 292 | BO34: =CV23 -> 173 | BP34: =CT24 -> 835 | BQ34: =CU24 -> 633 | BR34: =CV24 -> 562 | BS34: =CT25 -> 856 | BT34: =CU25 -> 605 | BU34: =CV25 -> 533 | BV34: =CT26 -> 0 | BW34: =CU26 -> 0 | BX34: =CV26 -> 0 | BY34: =CT27 -> 376 | BZ34: =CU27 -> 364 | CA34: =CV27 -> 354 | CB34: =CT28 -> 1088 | CC34: =CU28 -> 1072 | CD34: =CV28 -> 1061 | CE34: =CT29 -> 28 | CF34: =CU29 -> 18 | CG34: =CV29 -> 0 | CH34: =CT30 -> 0 | CI34: =CU30 -> 0 | CJ34: =CV30 -> 0 | CK34: =CT31 -> 0 | CL34: =CU31 -> 0 | CM34: =CV31 -> 0 | CN34: =CT32 -> 0 | CO34: =CU32 -> 0 | CP34: =CV32 -> 0 | CQ34: =CT33 -> 575 | CR34: =CU33 -> 558 | CS34: =CV33 -> 549 | CT34: 0 | CU34: 0 | CV34: 0 | CW34: 0 | CX34: 0 | CY34: 0 | CZ34: 0 | DA34: 0 | DB34: 0 | DC34: 0 | DD34: 0 | DE34: 0 | DF34: 0 | DG34: 0 | DH34: 0 | DI34: 0 | DJ34: 0 | DK34: 0 | DL34: 0 | DM34: 0 | DN34: 0
A35: LA SPEZIA | B35: =CW2 -> 637 | C35: =CX2 -> 609 | D35: =CY2 -> 536 | E35: =CW3 -> 0 | F35: =CX3 -> 0 | G35: =CY3 -> 0 | H35: =CW4 -> 405 | I35: =CX4 -> 387 | J35: =CY4 -> 378 | K35: =CW5 -> 0 | L35: =CX5 -> 0 | M35: =CY5 -> 0 | N35: =CW6 -> 0 | O35: =CX6 -> 0 | P35: =CY6 -> 0 | Q35: =CW7 -> 403 | R35: =CX7 -> 385 | S35: =CY7 -> 375 | T35: =CW8 -> 367 | U35: =CX8 -> 351 | V35: =CY8 -> 339 | W35: =CW9 -> 674 | X35: =CX9 -> 658 | Y35: =CY9 -> 646 | Z35: =CW10 -> 1307 | AA35: =CX10 -> 1290 | AB35: =CY10 -> 1279 | AC35: =CW11 -> 0 | AD35: =CX11 -> 0 | AE35: =CY11 -> 0 | AF35: =CW12 -> 0 | AG35: =CX12 -> 0 | AH35: =CY12 -> 0 | AI35: =CW13 -> 0 | AJ35: =CX13 -> 0 | AK35: =CY13 -> 0 | AL35: =CW14 -> 0 | AM35: =CX14 -> 0 | AN35: =CY14 -> 0 | AO35: =CW15 -> 337 | AP35: =CX15 -> 322 | AQ35: =CY15 -> 309 | AR35: =CW16 -> 586 | AS35: =CX16 -> 571 | AT35: =CY16 -> 559 | AU35: =CW17 -> 377 | AV35: =CX17 -> 362 | AW35: =CY17 -> 350 | AX35: =CW18 -> 1043 | AY35: =CX18 -> 1027 | AZ35: =CY18 -> 1016 | BA35: =CW19 -> 961 | BB35: =CX19 -> 301 | BC35: =CY19 -> 0 | BD35: =CW20 -> 786 | BE35: =CX20 -> 306 | BF35: =CY20 -> 210 | BG35: =CW21 -> 0 | BH35: =CX21 -> 0 | BI35: =CY21 -> 0 | BJ35: =CW22 -> 0 | BK35: =CX22 -> 0 | BL35: =CY22 -> 0 | BM35: =CW23 -> 806 | BN35: =CX23 -> 284 | BO35: =CY23 -> 173 | BP35: =CW24 -> 839 | BQ35: =CX24 -> 631 | BR35: =CY24 -> 562 | BS35: =CW25 -> 869 | BT35: =CX25 -> 855 | BU35: =CY25 -> 842 | BV35: =CW26 -> 0 | BW35: =CX26 -> 0 | BX35: =CY26 -> 0 | BY35: =CW27 -> 374 | BZ35: =CX27 -> 360 | CA35: =CY27 -> 353 | CB35: =CW28 -> 1085 | CC35: =CX28 -> 1073 | CD35: =CY28 -> 1061 | CE35: =CW29 -> 28 | CF35: =CX29 -> 14 | CG35: =CY29 -> 0 | CH35: =CW30 -> 0 | CI35: =CX30 -> 0 | CJ35: =CY30 -> 0 | CK35: =CW31 -> 0 | CL35: =CX31 -> 0 | CM35: =CY31 -> 0 | CN35: =CW32 -> 0 | CO35: =CX32 -> 0 | CP35: =CY32 -> 0 | CQ35: =CW33 -> 575 | CR35: =CX33 -> 563 | CS35: =CY33 -> 549 | CT35: =CW34 -> 0 | CU35: =CX34 -> 0 | CV35: =CY34 -> 0 | CW35: 0 | CX35: 0 | CY35: 0 | CZ35: 0 | DA35: 0 | DB35: 0 | DC35: 0 | DD35: 0 | DE35: 0 | DF35: 0 | DG35: 0 | DH35: 0 | DI35: 0 | DJ35: 0 | DK35: 0 | DL35: 0 | DM35: 0 | DN35: 0
A36: THISVI | B36: =CZ2 -> 637 | C36: =DA2 -> 609 | D36: =DB2 -> 536 | E36: =CZ3 -> 0 | F36: =DA3 -> 0 | G36: =DB3 -> 0 | H36: =CZ4 -> 405 | I36: =DA4 -> 387 | J36: =DB4 -> 378 | K36: =CZ5 -> 0 | L36: =DA5 -> 0 | M36: =DB5 -> 0 | N36: =CZ6 -> 0 | O36: =DA6 -> 0 | P36: =DB6 -> 0 | Q36: =CZ7 -> 403 | R36: =DA7 -> 386 | S36: =DB7 -> 375 | T36: =CZ8 -> 367 | U36: =DA8 -> 351 | V36: =DB8 -> 339 | W36: =CZ9 -> 674 | X36: =DA9 -> 658 | Y36: =DB9 -> 646 | Z36: ='Distance outside the ECA'!CY10 -> 1887 | AA36: =DA10 -> 1292 | AB36: =DB10 -> 1280 | AC36: =CZ11 -> 0 | AD36: =DA11 -> 0 | AE36: =DB11 -> 0 | AF36: =CZ12 -> 0 | AG36: =DA12 -> 0 | AH36: =DB12 -> 0 | AI36: =CZ13 -> 0 | AJ36: =DA13 -> 0 | AK36: =DB13 -> 0 | AL36: =CZ14 -> 0 | AM36: =DA14 -> 0 | AN36: =DB14 -> 0 | AO36: =CZ15 -> 337 | AP36: =DA15 -> 321 | AQ36: =DB15 -> 309 | AR36: =CZ16 -> 586 | AS36: =DA16 -> 571 | AT36: =DB16 -> 559 | AU36: =CZ17 -> 377 | AV36: =DA17 -> 361 | AW36: =DB17 -> 350 | AX36: =CZ18 -> 1043 | AY36: =DA18 -> 1029 | AZ36: =DB18 -> 1016 | BA36: =CZ19 -> 205 | BB36: =DA19 -> 100 | BC36: =DB19 -> 0 | BD36: =CZ20 -> 782 | BE36: =DA20 -> 306 | BF36: =DB20 -> 210 | BG36: =CZ21 -> 0 | BH36: =DA21 -> 0 | BI36: =DB21 -> 0 | BJ36: =CZ22 -> 0 | BK36: =DA22 -> 0 | BL36: =DB22 -> 0 | BM36: =CZ23 -> 818 | BN36: =DA23 -> 284 | BO36: =DB23 -> 173 | BP36: =CZ24 -> 840 | BQ36: =DA24 -> 631 | BR36: =DB24 -> 562 | BS36: =CZ25 -> 869 | BT36: =DA25 -> 854 | BU36: =DB25 -> 842 | BV36: =CZ26 -> 0 | BW36: =DA26 -> 0 | BX36: =DB26 -> 0 | BY36: =CZ27 -> 377 | BZ36: =DA27 -> 371 | CA36: =DB27 -> 354 | CB36: =CZ28 -> 1083 | CC36: =DA28 -> 1074 | CD36: =DB28 -> 1062 | CE36: =CZ29 -> 28 | CF36: =DA29 -> 18 | CG36: =DB29 -> 0 | CH36: =CZ30 -> 0 | CI36: =DA30 -> 0 | CJ36: =DB30 -> 0 | CK36: =CZ31 -> 0 | CL36: =DA31 -> 0 | CM36: =DB31 -> 0 | CN36: =CZ32 -> 0 | CO36: =DA32 -> 0 | CP36: =DB32 -> 0 | CQ36: =CZ33 -> 571 | CR36: =DA33 -> 561 | CS36: =DB33 -> 548 | CT36: =CZ34 -> 0 | CU36: =DA34 -> 0 | CV36: =DB34 -> 0 | CW36: =CZ35 -> 0 | CX36: =DA35 -> 0 | CY36: =DB35 -> 0 | CZ36: 0 | DA36: 0 | DB36: 0 | DC36: 0 | DD36: 0 | DE36: 0 | DF36: 0 | DG36: 0 | DH36: 0 | DI36: 0 | DJ36: 0 | DK36: 0 | DL36: 0 | DM36: 0 | DN36: 0
A37: VADO LIGURE | B37: =DC2 -> 637 | C37: =DD2 -> 609 | D37: =DE2 -> 536 | E37: =DC3 -> 0 | F37: =DD3 -> 0 | G37: =DE3 -> 0 | H37: =DC4 -> 405 | I37: =DD4 -> 387 | J37: =DE4 -> 378 | K37: =DC5 -> 0 | L37: =DD5 -> 0 | M37: =DE5 -> 0 | N37: =DC6 -> 0 | O37: =DD6 -> 0 | P37: =DE6 -> 0 | Q37: =DC7 -> 403 | R37: =DD7 -> 385 | S37: =DE7 -> 375 | T37: =DC8 -> 367 | U37: =DD8 -> 351 | V37: =DE8 -> 339 | W37: =DC9 -> 674 | X37: =DD9 -> 658 | Y37: =DE9 -> 646 | Z37: =DC10 -> 1307 | AA37: =DD10 -> 1293 | AB37: =DE10 -> 1279 | AC37: =DC11 -> 0 | AD37: =DD11 -> 0 | AE37: =DE11 -> 0 | AF37: =DC12 -> 0 | AG37: =DD12 -> 0 | AH37: =DE12 -> 0 | AI37: =DC13 -> 0 | AJ37: =DD13 -> 0 | AK37: =DE13 -> 0 | AL37: =DC14 -> 0 | AM37: =DD14 -> 0 | AN37: =DE14 -> 0 | AO37: =DC15 -> 337 | AP37: =DD15 -> 321 | AQ37: =DE15 -> 310 | AR37: =DC16 -> 586 | AS37: =DD16 -> 571 | AT37: =DE16 -> 559 | AU37: =DC17 -> 337 | AV37: =DD17 -> 360 | AW37: =DE17 -> 350 | AX37: =DC18 -> 1043 | AY37: =DD18 -> 1032 | AZ37: =DE18 -> 1017 | BA37: =DC19 -> 964 | BB37: =DD19 -> 300 | BC37: =DE19 -> 0 | BD37: =DC20 -> 778 | BE37: =DD20 -> 307 | BF37: =DE20 -> 210 | BG37: =DC21 -> 0 | BH37: =DD21 -> 0 | BI37: =DE21 -> 0 | BJ37: =DC22 -> 0 | BK37: =DD22 -> 0 | BL37: =DE22 -> 0 | BM37: =DC23 -> 807 | BN37: =DD23 -> 294 | BO37: =DE23 -> 173 | BP37: =DC24 -> 841 | BQ37: =DD24 -> 631 | BR37: =DE24 -> 562 | BS37: =DC25 -> 869 | BT37: =DD25 -> 855 | BU37: =DE25 -> 842 | BV37: =DC26 -> 0 | BW37: =DD26 -> 0 | BX37: =DE26 -> 0 | BY37: =DC27 -> 377 | BZ37: =DD27 -> 366 | CA37: =DE27 -> 355 | CB37: =DC28 -> 1084 | CC37: =DD28 -> 1073 | CD37: =DE28 -> 1061 | CE37: =DC29 -> 28 | CF37: =DD29 -> 17 | CG37: =DE29 -> 0 | CH37: =DC30 -> 0 | CI37: =DD30 -> 0 | CJ37: =DE30 -> 0 | CK37: =DC31 -> 0 | CL37: =DD31 -> 0 | CM37: =DE31 -> 0 | CN37: =DC32 -> 0 | CO37: =DD32 -> 0 | CP37: =DE32 -> 0 | CQ37: =DC33 -> 573 | CR37: =DD33 -> 564 | CS37: =DE33 -> 550 | CT37: =DC34 -> 0 | CU37: =DD34 -> 0 | CV37: =DE34 -> 0 | CW37: =DC35 -> 0 | CX37: =DD35 -> 0 | CY37: =DE35 -> 0 | CZ37: =DC36 -> 0 | DA37: =DD36 -> 0 | DB37: =DE36 -> 0 | DC37: 0 | DD37: 0 | DE37: 0 | DF37: 0 | DG37: 0 | DH37: 0 | DI37: 0 | DJ37: 0 | DK37: 0 | DL37: 0 | DM37: 0 | DN37: 0
A38: RAVENNA | B38: =DF2 -> 637 | C38: =DG2 -> 609 | D38: =DH2 -> 536 | E38: =DF3 -> 0 | F38: =DG3 -> 0 | G38: =DH3 -> 0 | H38: =DF4 -> 405 | I38: =DG4 -> 387 | J38: =DH4 -> 378 | K38: =DF5 -> 0 | L38: =DG5 -> 0 | M38: =DH5 -> 0 | N38: =DF6 -> 0 | O38: =DG6 -> 0 | P38: =DH6 -> 0 | Q38: =DF7 -> 403 | R38: =DG7 -> 385 | S38: =DH7 -> 375 | T38: =DF8 -> 367 | U38: =DG8 -> 351 | V38: =DH8 -> 339 | W38: =DF9 -> 674 | X38: =DG9 -> 658 | Y38: =DH9 -> 646 | Z38: =DF10 -> 1307 | AA38: =DG10 -> 1292 | AB38: =DH10 -> 1279 | AC38: =DF11 -> 0 | AD38: =DG11 -> 0 | AE38: =DH11 -> 0 | AF38: =DF12 -> 0 | AG38: =DG12 -> 0 | AH38: =DH12 -> 0 | AI38: =DF13 -> 0 | AJ38: =DG13 -> 0 | AK38: =DH13 -> 0 | AL38: =DF14 -> 0 | AM38: =DG14 -> 0 | AN38: =DH14 -> 0 | AO38: =DF15 -> 337 | AP38: =DG15 -> 321 | AQ38: =DH15 -> 310 | AR38: =DF16 -> 586 | AS38: =DG16 -> 571 | AT38: =DH16 -> 559 | AU38: =DF17 -> 377 | AV38: =DG17 -> 362 | AW38: =DH17 -> 350 | AX38: =DF18 -> 1039 | AY38: =DG18 -> 1027 | AZ38: =DH18 -> 1017 | BA38: =DF19 -> 965 | BB38: =DG19 -> 306 | BC38: =DH19 -> 0 | BD38: =DF20 -> 780 | BE38: =DG20 -> 304 | BF38: =DH20 -> 210 | BG38: =DF21 -> 0 | BH38: =DG21 -> 0 | BI38: =DH21 -> 0 | BJ38: =DF22 -> 0 | BK38: =DG22 -> 0 | BL38: =DH22 -> 0 | BM38: =DF23 -> 803 | BN38: =DG23 -> 284 | BO38: =DH23 -> 173 | BP38: =DF24 -> 822 | BQ38: =DG24 -> 631 | BR38: =DH24 -> 562 | BS38: =DF25 -> 869 | BT38: =DG25 -> 854 | BU38: =DH25 -> 842 | BV38: =DF26 -> 0 | BW38: =DG26 -> 0 | BX38: =DH26 -> 0 | BY38: =DF27 -> 375 | BZ38: =DG27 -> 365 | CA38: =DH27 -> 356 | CB38: =DF28 -> 1083 | CC38: =DG28 -> 1073 | CD38: =DH28 -> 1061 | CE38: =DF29 -> 28 | CF38: =DG29 -> 19 | CG38: =DH29 -> 0 | CH38: =DF30 -> 0 | CI38: =DG30 -> 0 | CJ38: =DH30 -> 0 | CK38: =DF31 -> 0 | CL38: =DG31 -> 0 | CM38: =DH31 -> 0 | CN38: =DF32 -> 0 | CO38: =DG32 -> 0 | CP38: =DH32 -> 0 | CQ38: =DF33 -> 570 | CR38: =DG33 -> 559 | CS38: =DH33 -> 548 | CT38: =DF34 -> 0 | CU38: =DG34 -> 0 | CV38: =DH34 -> 0 | CW38: =DF35 -> 0 | CX38: =DG35 -> 0 | CY38: =DH35 -> 0 | CZ38: =DF36 -> 0 | DA38: =DG36 -> 0 | DB38: =DH36 -> 0 | DC38: =DF37 -> 0 | DD38: =DG37 -> 0 | DE38: =DH37 -> 0 | DF38: 0 | DG38: 0 | DH38: 0 | DI38: 0 | DJ38: 0 | DK38: 0 | DL38: 0 | DM38: 0 | DN38: 0
A39: ANCONA | B39: =DI2 -> 637 | C39: =DJ2 -> 609 | D39: =DK2 -> 536 | E39: =DI3 -> 0 | F39: =DJ3 -> 0 | G39: =DK3 -> 0 | H39: =DI4 -> 405 | I39: =DJ4 -> 387 | J39: =DK4 -> 378 | K39: =DI5 -> 0 | L39: =DJ5 -> 0 | M39: =DK5 -> 0 | N39: =DI6 -> 0 | O39: =DJ6 -> 0 | P39: =DK6 -> 0 | Q39: =DI7 -> 403 | R39: =DJ7 -> 385 | S39: =DK7 -> 375 | T39: =DI8 -> 367 | U39: =DJ8 -> 351 | V39: =DK8 -> 339 | W39: =DI9 -> 674 | X39: =DJ9 -> 658 | Y39: =DK9 -> 646 | Z39: =DI10 -> 1307 | AA39: =DJ10 -> 1292 | AB39: =DK10 -> 1279 | AC39: =DI11 -> 0 | AD39: =DJ11 -> 0 | AE39: =DK11 -> 0 | AF39: =DI12 -> 0 | AG39: =DJ12 -> 0 | AH39: =DK12 -> 0 | AI39: =DI13 -> 0 | AJ39: =DJ13 -> 0 | AK39: =DK13 -> 0 | AL39: =DI14 -> 0 | AM39: =DJ14 -> 0 | AN39: =DK14 -> 0 | AO39: =DI15 -> 337 | AP39: =DJ15 -> 321 | AQ39: =DK15 -> 309 | AR39: =DI16 -> 586 | AS39: =DJ16 -> 572 | AT39: =DK16 -> 559 | AU39: =DI17 -> 377 | AV39: =DJ17 -> 361 | AW39: =DK17 -> 350 | AX39: =DI18 -> 1040 | AY39: =DJ18 -> 1025 | AZ39: =DK18 -> 1017 | BA39: =DI19 -> 955 | BB39: =DJ19 -> 288 | BC39: =DK19 -> 0 | BD39: =DI20 -> 784 | BE39: =DJ20 -> 308 | BF39: =DK20 -> 210 | BG39: =DI21 -> 0 | BH39: =DJ21 -> 0 | BI39: =DK21 -> 0 | BJ39: =DI22 -> 0 | BK39: =DJ22 -> 0 | BL39: =DK22 -> 0 | BM39: =DI23 -> 792 | BN39: =DJ23 -> 284 | BO39: =DK23 -> 173 | BP39: =DI24 -> 849 | BQ39: =DJ24 -> 631 | BR39: =DK24 -> 562 | BS39: =DI25 -> 869 | BT39: =DJ25 -> 852 | BU39: =DK25 -> 842 | BV39: =DI26 -> 0 | BW39: =DJ26 -> 0 | BX39: =DK26 -> 0 | BY39: =DI27 -> 379 | BZ39: =DJ27 -> 366 | CA39: =DK27 -> 354 | CB39: =DI28 -> 1086 | CC39: =DJ28 -> 1076 | CD39: =DK28 -> 1061 | CE39: =DI29 -> 28 | CF39: =DJ29 -> 17 | CG39: =DK29 -> 0 | CH39: =DI30 -> 0 | CI39: =DJ30 -> 0 | CJ39: =DK30 -> 0 | CK39: =DI31 -> 0 | CL39: =DJ31 -> 0 | CM39: =DK31 -> 0 | CN39: =DI32 -> 0 | CO39: =DJ32 -> 0 | CP39: =DK32 -> 0 | CQ39: =DI33 -> 573 | CR39: =DJ33 -> 560 | CS39: =DK33 -> 549 | CT39: =DI34 -> 0 | CU39: =DJ34 -> 0 | CV39: =DK34 -> 0 | CW39: =DI35 -> 0 | CX39: =DJ35 -> 0 | CY39: =DK35 -> 0 | CZ39: =DI36 -> 0 | DA39: =DJ36 -> 0 | DB39: =DK36 -> 0 | DC39: =DI37 -> 0 | DD39: =DJ37 -> 0 | DE39: =DK37 -> 0 | DF39: =DI38 -> 0 | DG39: =DJ38 -> 0 | DH39: =DK38 -> 0 | DI39: 0 | DJ39: 0 | DK39: 0 | DL39: 0 | DM39: 0 | DN39: 0
A40: GENOA | B40: =DL2 -> 637 | C40: =DM2 -> 609 | D40: =DN2 -> 536 | E40: =DL3 -> 0 | F40: =DM3 -> 0 | G40: =DN3 -> 0 | H40: =DL4 -> 405 | I40: =DM4 -> 387 | J40: =DN4 -> 378 | K40: =DL5 -> 0 | L40: =DM5 -> 0 | M40: =DN5 -> 0 | N40: =DL6 -> 0 | O40: =DM6 -> 0 | P40: =DN6 -> 0 | Q40: =DL7 -> 403 | R40: =DM7 -> 386 | S40: =DN7 -> 375 | T40: =DL8 -> 367 | U40: =DM8 -> 351 | V40: =DN8 -> 339 | W40: =DL9 -> 674 | X40: =DM9 -> 658 | Y40: =DN9 -> 646 | Z40: =DL10 -> 1307 | AA40: =DM10 -> 1291 | AB40: =DN10 -> 1279 | AC40: =DL11 -> 0 | AD40: =DM11 -> 0 | AE40: =DN11 -> 0 | AF40: =DL12 -> 0 | AG40: =DM12 -> 0 | AH40: =DN12 -> 0 | AI40: =DL13 -> 0 | AJ40: =DM13 -> 0 | AK40: =DN13 -> 0 | AL40: =DL14 -> 0 | AM40: =DM14 -> 0 | AN40: =DN14 -> 0 | AO40: =DL15 -> 337 | AP40: =DM15 -> 322 | AQ40: =DN15 -> 309 | AR40: =DL16 -> 586 | AS40: =DM16 -> 570 | AT40: =DN16 -> 559 | AU40: =DL17 -> 377 | AV40: =DM17 -> 361 | AW40: =DN17 -> 350 | AX40: =DL18 -> 1038 | AY40: =DM18 -> 1030 | AZ40: =DN18 -> 1020 | BA40: =DL19 -> 966 | BB40: =DM19 -> 309 | BC40: =DN19 -> 0 | BD40: =DL20 -> 782 | BE40: =DM20 -> 308 | BF40: =DN20 -> 210 | BG40: =DL21 -> 0 | BH40: =DM21 -> 0 | BI40: =DN21 -> 0 | BJ40: =DL22 -> 0 | BK40: =DM22 -> 0 | BL40: =DN22 -> 0 | BM40: =DL23 -> 797 | BN40: =DM23 -> 295 | BO40: =DN23 -> 173 | BP40: =DL24 -> 876 | BQ40: =DM24 -> 634 | BR40: =DN24 -> 562 | BS40: =DL25 -> 869 | BT40: =DM25 -> 854 | BU40: =DN25 -> 842 | BV40: =DL26 -> 0 | BW40: =DM26 -> 0 | BX40: =DN26 -> 0 | BY40: =DL27 -> 378 | BZ40: =DM27 -> 363 | CA40: =DN27 -> 354 | CB40: =DL28 -> 1084 | CC40: =DM28 -> 1073 | CD40: =DN28 -> 1061 | CE40: =DL29 -> 28 | CF40: =DM29 -> 18 | CG40: =DN29 -> 0 | CH40: =DL30 -> 0 | CI40: =DM30 -> 0 | CJ40: =DN30 -> 0 | CK40: =DL31 -> 0 | CL40: =DM31 -> 0 | CM40: =DN31 -> 0 | CN40: =DL32 -> 0 | CO40: =DM32 -> 0 | CP40: =DN32 -> 0 | CQ40: =DL33 -> 571 | CR40: =DM33 -> 560 | CS40: =DN33 -> 549 | CT40: =DL34 -> 0 | CU40: =DM34 -> 0 | CV40: =DN34 -> 0 | CW40: =DL35 -> 0 | CX40: =DM35 -> 0 | CY40: =DN35 -> 0 | CZ40: =DL36 -> 0 | DA40: =DM36 -> 0 | DB40: =DN36 -> 0 | DC40: =DL37 -> 0 | DD40: =DM37 -> 0 | DE40: =DN37 -> 0 | DF40: =DL38 -> 0 | DG40: =DM38 -> 0 | DH40: =DN38 -> 0 | DI40: =DL39 -> 0 | DJ40: =DM39 -> 0 | DK40: =DN39 -> 0 | DL40: 0 | DM40: 0 | DN40: 0

Sheet Distance outside the ECA
B1: BRAKE | E1: BILBAO | H1: ROTTERDAM | K1: CARTAGENA | N1: LIVERPOOL | Q1: ANTWERP | T1: ZEEBRUGGE | W1: HAMBURG | Z1: TALLINN | AC1: ALGECIRAS | AF1: HUELVA | AI1: LA PALLICE | AL1: MONTOIR DE BRETAGNE | AO1: DUNKIRK | AR1: TEESPORT | AU1: VLISSINGEN | AX1: GDANSK | BA1: MO I RANA | BD1: STAVANGER | BG1: LISBON | BJ1: SETUBAL | BM1: ORESUND | BP1: MALMO | BS1: HELSINGBORG | BV1: SINES | BY1: TILBURY | CB1: KLAIPEDA | CE1: FALMOUTH | CH1: LAS PALMAS | CK1: SANTANDER | CN1: VIGO | CQ1: EMDEN | CT1: CADIZ | CW1: LA SPEZIA | CZ1: THISVI | DC1: VADO LIGURE | DF1: RAVENNA | DI1: ANCONA | DL1: GENOA
A2: BRAKE | B2: 0 | C2: 0 | D2: 0 | E2: 337 | F2: 404 | G2: 1021 | H2: 0 | I2: 0 | J2: 0 | K2: 1202 | L2: 1263 | M2: 1849 | N2: 328 | O2: 455 | P2: 422 | Q2: 0 | R2: 0 | S2: 0 | T2: 0 | U2: 0 | V2: 0 | W2: 0 | X2: 0 | Y2: 0 | Z2: 0 | AA2: 0 | AB2: 0 | AC2: 956 | AD2: 1016 | AE2: 1603 | AF2: 878 | AG2: 939 | AH2: 1526 | AI2: 240 | AJ2: 306 | AK2: 870 | AL2: 175 | AM2: 242 | AN2: 859 | AO2: 0 | AP2: 0 | AQ2: 0 | AR2: 0 | AS2: 0 | AT2: 0 | AU2: 0 | AV2: 0 | AW2: 0 | AX2: 0 | AY2: 0 | AZ2: 0 | BA2: 525 | BB2: 462 | BC2: 813 | BD2: 0 | BE2: 0 | BF2: 0 | BG2: 693 | BH2: 754 | BI2: 1341 | BJ2: 705 | BK2: 766 | BL2: 1352 | BM2: 0 | BN2: 0 | BO2: 0 | BP2: 0 | BQ2: 0 | BR2: 0 | BS2: 0 | BT2: 0 | BU2: 0 | BV2: 715 | BW2: 775 | BX2: 1362 | BY2: 0 | BZ2: 0 | CA2: 0 | CB2: 0 | CC2: 0 | CD2: 0 | CE2: 3 | CF2: 24 | CG2: 647 | CH2: 1326 | CI2: 1387 | CJ2: 1945 | CK2: 320 | CL2: 388 | CM2: 1004 | CN2: 464 | CO2: 525 | CP2: 1113 | CQ2: 0 | CR2: 0 | CS2: 0 | CT2: 901 | CU2: 962 | CV2: 1548 | CW2: 1826 | CX2: 1886 | CY2: 2473 | CZ2: 2365 | DA2: 2426 | DB2: 3012 | DC2: 1796 | DD2: 1856 | DE2: 2443 | DF2: 2609 | DG2: 2670 | DH2: 3257 | DI2: 2557 | DJ2: 2619 | DK2: 3204 | DL2: 1809 | DM2: 1870 | DN2: 2457
A3: BILBAO | B3: =E2 -> 337 | C3: =F2 -> 404 | D3: =G2 -> 1021 | E3: 0 | F3: 0 | G3: 0 | H3: 337 | I3: 374 | J3: 404 | K3: 1150 | L3: 1145 | M3: 1142 | N3: 715 | O3: 710 | P3: 705 | Q3: 337 | R3: 374 | S3: 404 | T3: 337 | U3: 376 | V3: 404 | W3: 337 | X3: 372 | Y3: 390 | Z3: 337 | AA3: 403 | AB3: 1422 | AC3: 900 | AD3: 898 | AE3: 896 | AF3: 825 | AG3: 820 | AH3: 819 | AI3: 195 | AJ3: 193 | AK3: 192 | AL3: 250 | AM3: 248 | AN3: 245 | AO3: 337 | AP3: 374 | AQ3: 404 | AR3: 337 | AS3: 401 | AT3: 1021 | AU3: 337 | AV3: 371 | AW3: 402 | AX3: 335 | AY3: 398 | AZ3: 1026 | BA3: 723 | BB3: 781 | BC3: 1734 | BD3: 337 | BE3: 401 | BF3: 1422 | BG3: 634 | BH3: 638 | BI3: 640 | BJ3: 645 | BK3: 650 | BL3: 655 | BM3: 337 | BN3: 404 | BO3: 1422 | BP3: 337 | BQ3: 403 | BR3: 1422 | BS3: 337 | BT3: 400 | BU3: 1422 | BV3: 660 | BW3: 658 | BX3: 655 | BY3: 337 | BZ3: 375 | CA3: 402 | CB3: 337 | CC3: 1073 | CD3: 1423 | CE3: 375 | CF3: 394 | CG3: 408 | CH3: 1267 | CI3: 1270 | CJ3: 1275 | CK3: 69 | CL3: 70 | CM3: 71 | CN3: 405 | CO3: 408 | CP3: 410 | CQ3: 337 | CR3: 400 | CS3: 1021 | CT3: 842 | CU3: 845 | CV3: 848 | CW3: 1766 | CX3: 1768 | CY3: 1770 | CZ3: 2312 | DA3: 2315 | DB3: 2318 | DC3: 1736 | DD3: 1738 | DE3: 1740 | DF3: 2550 | DG3: 2552 | DH3: 2555 | DI3: 2497 | DJ3: 2500 | DK3: 2505 | DL3: 1750 | DM3: 1752 | DN3: 1755
A4: ROTTERDAM | B4: =H2 -> 0 | C4: =I2 -> 0 | D4: =J2 -> 0 | E4: =H3 -> 337 | F4: =I3 -> 374 | G4: =J3 -> 404 | H4: 0 | I4: 0 | J4: 0 | K4: 1202 | L4: 1235 | M4: 1262 | N4: 337 | O4: 330 | P4: 328 | Q4: 0 | R4: 0 | S4: 0 | T4: 0 | U4: 0 | V4: 0 | W4: 0 | X4: 0 | Y4: 0 | Z4: 0 | AA4: 0 | AB4: 0 | AC4: 956 | AD4: 1348 | AE4: 1556 | AF4: 879 | AG4: 908 | AH4: 939 | AI4: 240 | AJ4: 270 | AK4: 307 | AL4: 175 | AM4: 206 | AN4: 242 | AO4: 0 | AP4: 0 | AQ4: 0 | AR4: 0 | AS4: 0 | AT4: 0 | AU4: 0 | AV4: 0 | AW4: 0 | AX4: 0 | AY4: 0 | AZ4: 0 | BA4: 395 | BB4: 387 | BC4: 1357 | BD4: 0 | BE4: 0 | BF4: 0 | BG4: 694 | BH4: 727 | BI4: 754 | BJ4: 705 | BK4: 740 | BL4: 766 | BM4: 0 | BN4: 0 | BO4: 0 | BP4: 0 | BQ4: 0 | BR4: 0 | BS4: 0 | BT4: 0 | BU4: 0 | BV4: 715 | BW4: 744 | BX4: 775 | BY4: 0 | BZ4: 0 | CA4: 0 | CB4: 0 | CC4: 0 | CD4: 0 | CE4: 4 | CF4: 12 | CG4: 11 | CH4: 1359 | CI4: 1359 | CJ4: 1387 | CK4: 320 | CL4: 356 | CM4: 387 | CN4: 465 | CO4: 496 | CP4: 525 | CQ4: 0 | CR4: 0 | CS4: 0 | CT4: 631 | CU4: 933 | CV4: 962 | CW4: 1826 | CX4: 1860 | CY4: 1887 | CZ4: 2371 | DA4: 2405 | DB4: 2432 | DC4: 1796 | DD4: 1830 | DE4: 1857 | DF4: 2610 | DG4: 2644 | DH4: 2670 | DI4: 2557 | DJ4: 2591 | DK4: 2618 | DL4: 1810 | DM4: 1844 | DN4: 1870
A5: CARTAGENA | B5: =K2 -> 1202 | C5: =L2 -> 1263 | D5: =M2 -> 1849 | E5: =K3 -> 1150 | F5: =L3 -> 1145 | G5: =M3 -> 1142 | H5: =K4 -> 1202 | I5: =L4 -> 1235 | J5: =M4 -> 1262 | K5: 0 | L5: 0 | M5: 0 | N5: 1545 | O5: 1543 | P5: 1540 | Q5: 1201 | R5: 1234 | S5: 1263 | T5: 1201 | U5: 1237 | V5: 1263 | W5: 1201 | X5: 1230 | Y5: 1262 | Z5: 1201 | AA5: 1262 | AB5: 2259 | AC5: 261 | AD5: 261 | AE5: 261 | AF5: 379 | AG5: 379 | AH5: 379 | AI5: 1220 | AJ5: 1220 | AK5: 1220 | AL5: 1220 | AM5: 1220 | AN5: 1220 | AO5: 1201 | AP5: 1232 | AQ5: 1261 | AR5: 1202 | AS5: 1260 | AT5: 1848 | AU5: 1202 | AV5: 1237 | AW5: 962 | AX5: 1202 | AY5: 1261 | AZ5: 1849 | BA5: 2327 | BB5: 2448 | BC5: 2563 | BD5: 1202 | BE5: 1848 | BF5: 2251 | BG5: 560 | BH5: 560 | BI5: 560 | BJ5: 549 | BK5: 549 | BL5: 549 | BM5: 1202 | BN5: 1868 | BO5: 2251 | BP5: 1202 | BQ5: 1848 | BR5: 2251 | BS5: 1202 | BT5: 1849 | BU5: 2251 | BV5: 512 | BW5: 512 | BX5: 512 | BY5: 1202 | BZ5: 1233 | CA5: 1263 | CB5: 1202 | CC5: 1260 | CD5: 2252 | CE5: 1261 | CF5: 1266 | CG5: 1282 | CH5: 952 | CI5: 952 | CJ5: 952 | CK5: 1101 | CL5: 1101 | CM5: 1101 | CN5: 783 | CO5: 783 | CP5: 783 | CQ5: 1202 | CR5: 1231 | CS5: 1261 | CT5: 332 | CU5: 332 | CV5: 332 | CW5: 657 | CX5: 657 | CY5: 657 | CZ5: 1213 | DA5: 1213 | DB5: 1213 | DC5: 627 | DD5: 627 | DE5: 627 | DF5: 1449 | DG5: 1449 | DH5: 1449 | DI5: 1396 | DJ5: 1396 | DK5: 1396 | DL5: 641 | DM5: 641 | DN5: 641
A6: LIVERPOOL | B6: =N2 -> 328 | C6: =O2 -> 455 | D6: =P2 -> 422 | E6: =N3 -> 715 | F6: =O3 -> 710 | G6: =P3 -> 705 | H6: =N4 -> 337 | I6: =O4 -> 330 | J6: =P4 -> 328 | K6: =N5 -> 1545 | L6: =O5 -> 1543 | M6: =P5 -> 1540 | N6: 0 | O6: 0 | P6: 0 | Q6: 330 | R6: 328 | S6: 328 | T6: 328 | U6: 329 | V6: 328 | W6: 330 | X6: 328 | Y6: 442 | Z6: 357 | AA6: 441 | AB6: 843 | AC6: 1294 | AD6: 1294 | AE6: 1294 | AF6: 1217 | AG6: 1217 | AH6: 1217 | AI6: 608 | AJ6: 608 | AK6: 608 | AL6: 544 | AM6: 544 | AN6: 544 | AO6: 328 | AP6: 327 | AQ6: 328 | AR6: 442 | AS6: 442 | AT6: 442 | AU6: 328 | AV6: 328 | AW6: 328 | AX6: 328 | AY6: 451 | AZ6: 879 | BA6: 919 | BB6: 1009 | BC6: 1155 | BD6: 450 | BE6: 442 | BF6: 843 | BG6: 1032 | BH6: 1032 | BI6: 1032 | BJ6: 1044 | BK6: 1044 | BL6: 1044 | BM6: 1044 | BN6: 1044 | BO6: 1044 | BP6: 328 | BQ6: 441 | BR6: 483 | BS6: 463 | BT6: 442 | BU6: 843 | BV6: 1054 | BW6: 1054 | BX6: 1054 | BY6: 325 | BZ6: 331 | CA6: 328 | CB6: 327 | CC6: 442 | CD6: 844 | CE6: 332 | CF6: 339 | CG6: 348 | CH6: 1644 | CI6: 1644 | CJ6: 1644 | CK6: 688 | CL6: 688 | CM6: 688 | CN6: 804 | CO6: 804 | CP6: 804 | CQ6: 337 | CR6: 328 | CS6: 442 | CT6: 1240 | CU6: 1240 | CV6: 1240 | CW6: 2165 | CX6: 2165 | CY6: 2165 | CZ6: 2710 | DA6: 2710 | DB6: 2710 | DC6: 2135 | DD6: 2135 | DE6: 2135 | DF6: 2948 | DG6: 2948 | DH6: 2948 | DI6: 2896 | DJ6: 2896 | DK6: 2896 | DL6: 2148 | DM6: 2148 | DN6: 2148
A7: ANTWERP | B7: =Q2 -> 0 | C7: =R2 -> 0 | D7: =S2 -> 0 | E7: =Q3 -> 337 | F7: =R3 -> 374 | G7: =S3 -> 404 | H7: =Q4 -> 0 | I7: =R4 -> 0 | J7: =S4 -> 0 | K7: =R5 -> 1234 | L7: =S5 -> 1263 | M7: =S5 -> 1263 | N7: 330 | O7: 328 | P7: 328 | Q7: 0 | R7: 0 | S7: 0 | T7: 0 | U7: 0 | V7: 0 | W7: 0 | X7: 0 | Y7: 0 | Z7: 0 | AA7: 0 | AB7: 0 | AC7: 955 | AD7: 987 | AE7: 1017 | AF7: 878 | AG7: 905 | AH7: 939 | AI7: 239 | AJ7: 273 | AK7: 307 | AL7: 175 | AM7: 201 | AN7: 242 | AO7: 0 | AP7: 0 | AQ7: 0 | AR7: 0 | AS7: 0 | AT7: 0 | AU7: 0 | AV7: 0 | AW7: 0 | AX7: 0 | AY7: 0 | AZ7: 0 | BA7: 386 | BB7: 405 | BC7: 1357 | BD7: 0 | BE7: 0 | BF7: 0 | BG7: 693 | BH7: 725 | BI7: 754 | BJ7: 705 | BK7: 731 | BL7: 766 | BM7: 0 | BN7: 0 | BO7: 0 | BP7: 0 | BQ7: 0 | BR7: 0 | BS7: 0 | BT7: 0 | BU7: 0 | BV7: 714 | BW7: 748 | BX7: 776 | BY7: 0 | BZ7: 0 | CA7: 0 | CB7: 0 | CC7: 0 | CD7: 0 | CE7: 3 | CF7: 18 | CG7: 9 | CH7: 1326 | CI7: 1356 | CJ7: 1388 | CK7: 320 | CL7: 353 | CM7: 387 | CN7: 464 | CO7: 498 | CP7: 525 | CQ7: 0 | CR7: 0 | CS7: 0 | CT7: 901 | CU7: 929 | CV7: 962 | CW7: 1826 | CX7: 1858 | CY7: 1887 | CZ7: 2371 | DA7: 2403 | DB7: 2432 | DC7: 1796 | DD7: 1829 | DE7: 1857 | DF7: 2609 | DG7: 2642 | DH7: 2670 | DI7: 2557 | DJ7: 2589 | DK7: 2618 | DL7: 1809 | DM7: 1841 | DN7: 1870
A8: ZEEBRUGGE | B8: =T2 -> 0 | C8: =U2 -> 0 | D8: =V2 -> 0 | E8: =T3 -> 337 | F8: =U3 -> 376 | G8: =V3 -> 404 | H8: =T4 -> 0 | I8: =U4 -> 0 | J8: =V4 -> 0 | K8: =T5 -> 1201 | L8: =U5 -> 1237 | M8: =V5 -> 1263 | N8: =T6 -> 328 | O8: =U6 -> 329 | P8: =V6 -> 328 | Q8: =T7 -> 0 | R8: =U7 -> 0 | S8: =V7 -> 0 | T8: 0 | U8: 0 | V8: 0 | W8: 0 | X8: 0 | Y8: 0 | Z8: 0 | AA8: 0 | AB8: 0 | AC8: 955 | AD8: 1016 | AE8: 1017 | AF8: 878 | AG8: 910 | AH8: 939 | AI8: 239 | AJ8: 266 | AK8: 306 | AL8: 206 | AM8: 242 | AN8: 175 | AO8: 0 | AP8: 0 | AQ8: 0 | AR8: 0 | AS8: 0 | AT8: 0 | AU8: 0 | AV8: 0 | AW8: 0 | AX8: 0 | AY8: 0 | AZ8: 0 | BA8: 386 | BB8: 410 | BC8: 1357 | BD8: 0 | BE8: 0 | BF8: 0 | BG8: 693 | BH8: 724 | BI8: 754 | BJ8: 705 | BK8: 733 | BL8: 766 | BM8: 0 | BN8: 0 | BO8: 0 | BP8: 0 | BQ8: 0 | BR8: 0 | BS8: 0 | BT8: 0 | BU8: 0 | BV8: 715 | BW8: 743 | BX8: 776 | BY8: 0 | BZ8: 0 | CA8: 0 | CB8: 0 | CC8: 0 | CD8: 0 | CE8: 3 | CF8: 12 | CG8: 9 | CH8: 1326 | CI8: 1355 | CJ8: 1388 | CK8: 320 | CL8: 355 | CM8: 387 | CN8: 464 | CO8: 392 | CP8: 526 | CQ8: 0 | CR8: 0 | CS8: 0 | CT8: 901 | CU8: 930 | CV8: 962 | CW8: 1826 | CX8: 1855 | CY8: 1887 | CZ8: 2371 | DA8: 2399 | DB8: 2432 | DC8: 1796 | DD8: 1825 | DE8: 1857 | DF8: 2609 | DG8: 2638 | DH8: 2670 | DI8: 2557 | DJ8: 2585 | DK8: 2618 | DL8: 1809 | DM8: 1837 | DN8: 1870
A9: HAMBURG | B9: =W2 -> 0 | C9: =X2 -> 0 | D9: =Y2 -> 0 | E9: =W3 -> 337 | F9: =X3 -> 372 | G9: =Y3 -> 390 | H9: =W4 -> 0 | I9: =X4 -> 0 | J9: =Y4 -> 0 | K9: =W5 -> 1201 | L9: =X5 -> 1230 | M9: =Y5 -> 1262 | N9: =W6 -> 330 | O9: =X6 -> 328 | P9: =Y6 -> 442 | Q9: =W7 -> 0 | R9: =X7 -> 0 | S9: =Y7 -> 0 | T9: ='Distance within the ECA'!W8 -> 333 | U9: ='Distance within the ECA'!X8 -> 333 | V9: ='Distance within the ECA'!Y8 -> 333 | W9: 0 | X9: 0 | Y9: 0 | Z9: 0 | AA9: 0 | AB9: 0 | AC9: 955 | AD9: 984 | AE9: 1016 | AF9: 878 | AG9: 906 | AH9: 939 | AI9: 239 | AJ9: 270 | AK9: 307 | AL9: 175 | AM9: 207 | AN9: 241 | AO9: 0 | AP9: 0 | AQ9: 0 | AR9: 0 | AS9: 0 | AT9: 0 | AU9: 0 | AV9: 0 | AW9: 0 | AX9: 0 | AY9: 0 | AZ9: 0 | BA9: 386 | BB9: 386 | BC9: 3314 | BD9: 0 | BE9: 0 | BF9: 0 | BG9: 693 | BH9: 724 | BI9: 754 | BJ9: 705 | BK9: 733 | BL9: 765 | BM9: 0 | BN9: 0 | BO9: 0 | BP9: 0 | BQ9: 0 | BR9: 0 | BS9: 0 | BT9: 0 | BU9: 0 | BV9: 715 | BW9: 745 | BX9: 775 | BY9: 0 | BZ9: 0 | CA9: 0 | CB9: 0 | CC9: 0 | CD9: 0 | CE9: 3 | CF9: 17 | CG9: 25 | CH9: 1326 | CI9: 1353 | CJ9: 1387 | CK9: 320 | CL9: 349 | CM9: 391 | CN9: 464 | CO9: 491 | CP9: 526 | CQ9: 0 | CR9: 0 | CS9: 0 | CT9: 1083 | CU9: 930 | CV9: 961 | CW9: 1826 | CX9: 1854 | CY9: 1886 | CZ9: 2371 | DA9: 2401 | DB9: 2431 | DC9: 1796 | DD9: 1824 | DE9: 1857 | DF9: 2609 | DG9: 2638 | DH9: 2670 | DI9: 2557 | DJ9: 2585 | DK9: 2618 | DL9: 1809 | DM9: 1938 | DN9: 1870
A10: TALLINN | B10: =Z2 -> 0 | C10: =AA2 -> 0 | D10: =AB2 -> 0 | E10: =Z3 -> 337 | F10: =AA3 -> 403 | G10: =AB3 -> 1422 | H10: =Z4 -> 0 | I10: =AA4 -> 0 | J10: =AB4 -> 0 | K10: =Z5 -> 1201 | L10: =AA5 -> 1262 | M10: =AB5 -> 2259 | N10: =Z6 -> 357 | O10: =AA6 -> 441 | P10: =AB6 -> 843 | Q10: =Z7 -> 0 | R10: =AA7 -> 0 | S10: =AB7 -> 0 | T10: =Z8 -> 0 | U10: =AA8 -> 0 | V10: =AB8 -> 0 | W10: =Z9 -> 0 | X10: =AA9 -> 0 | Y10: =AB9 -> 0 | Z10: 0 | AA10: 0 | AB10: 0 | AC10: 955 | AD10: 986 | AE10: 1016 | AF10: 878 | AG10: 909 | AH10: 938 | AI10: 239 | AJ10: 307 | AK10: 1325 | AL10: 175 | AM10: 206 | AN10: 242 | AO10: 0 | AP10: 0 | AQ10: 0 | AR10: 0 | AS10: 0 | AT10: 0 | AU10: 0 | AV10: 0 | AW10: 0 | AX10: 0 | AY10: 0 | AZ10: 0 | BA10: 386 | BB10: 386 | BC10: 386 | BD10: 0 | BE10: 0 | BF10: 0 | BG10: 693 | BH10: 723 | BI10: 754 | BJ10: 705 | BK10: 732 | BL10: 765 | BM10: 0 | BN10: 0 | BO10: 0 | BP10: 0 | BQ10: 0 | BR10: 0 | BS10: 0 | BT10: 0 | BU10: 0 | BV10: 715 | BW10: 745 | BX10: 776 | BY10: 0 | BZ10: 0 | CA10: 0 | CB10: 0 | CC10: 0 | CD10: 0 | CE10: 12 | CF10: 3 | CG10: 7 | CH10: 1326 | CI10: 1355 | CJ10: 1387 | CK10: 320 | CL10: 351 | CM10: 389 | CN10: 464 | CO10: 491 | CP10: 525 | CQ10: 0 | CR10: 0 | CS10: 0 | CT10: 701 | CU10: 930 | CV10: 962 | CW10: 1826 | CX10: 1857 | CY10: 1887 | CZ10: 2371 | DA10: 2398 | DB10: 2430 | DC10: 1796 | DD10: 1821 | DE10: 1857 | DF10: 2609 | DG10: 2636 | DH10: 2670 | DI10: 2557 | DJ10: 2584 | DK10: 2618 | DL10: 1809 | DM10: 1838 | DN10: 1870
A11: ALGECIRAS | B11: =AC2 -> 956 | C11: =AD2 -> 1016 | D11: =AE2 -> 1603 | E11: =AC3 -> 900 | F11: =AD3 -> 898 | G11: =AE3 -> 896 | H11: =AC4 -> 956 | I11: =AD4 -> 1348 | J11: =AE4 -> 1556 | K11: =AC5 -> 261 | L11: =AD5 -> 261 | M11: =AE5 -> 261 | N11: =AC6 -> 1294 | O11: =AD6 -> 1294 | P11: =AE6 -> 1294 | Q11: =AC7 -> 955 | R11: =AD7 -> 987 | S11: =AE7 -> 1017 | T11: =AC8 -> 955 | U11: =AD8 -> 1016 | V11: =AE8 -> 1017 | W11: =AC9 -> 955 | X11: =AD9 -> 984 | Y11: =AE9 -> 1016 | Z11: =AC10 -> 955 | AA11: =AD10 -> 986 | AB11: =AE10 -> 1016 | AC11: 0 | AD11: 0 | AE11: 0 | AF11: 133 | AG11: 133 | AH11: 133 | AI11: 974 | AJ11: 974 | AK11: 974 | AL11: 974 | AM11: 974 | AN11: 974 | AO11: 955 | AP11: 982 | AQ11: 1016 | AR11: 956 | AS11: 981 | AT11: 1016 | AU11: 956 | AV11: 983 | AW11: 1016 | AX11: 956 | AY11: 981 | AZ11: 1016 | BA11: 1402 | BB11: 2081 | BC11: 2304 | BD11: 956 | BE11: 1015 | BF11: 2005 | BG11: 314 | BH11: 314 | BI11: 314 | BJ11: 303 | BK11: 303 | BL11: 303 | BM11: 956 | BN11: 1016 | BO11: 2005 | BP11: 956 | BQ11: 1015 | BR11: 2005 | BS11: 956 | BT11: 1016 | BU11: 2005 | BV11: 266 | BW11: 266 | BX11: 266 | BY11: 956 | BZ11: 985 | CA11: 1017 | CB11: 956 | CC11: 1016 | CD11: 2006 | CE11: 1015 | CF11: 1025 | CG11: 1037 | CH11: 706 | CI11: 706 | CJ11: 706 | CK11: 855 | CL11: 855 | CM11: 855 | CN11: 537 | CO11: 537 | CP11: 537 | CQ11: 776 | CR11: 981 | CS11: 1016 | CT11: 86 | CU11: 86 | CV11: 86 | CW11: 885 | CX11: 885 | CY11: 885 | CZ11: 1431 | DA11: 1431 | DB11: 1431 | DC11: 855 | DD11: 855 | DE11: 855 | DF11: 1669 | DG11: 1669 | DH11: 1669 | DI11: 1616 | DJ11: 1616 | DK11: 1616 | DL11: 869 | DM11: 869 | DN11: 869
A12: HUELVA | B12: =AF2 -> 878 | C12: =AG2 -> 939 | D12: =AH2 -> 1526 | E12: =AF3 -> 825 | F12: =AG3 -> 820 | G12: =AH3 -> 819 | H12: =AF4 -> 879 | I12: =AG4 -> 908 | J12: =AH4 -> 939 | K12: =AF5 -> 379 | L12: =AG5 -> 379 | M12: =AH5 -> 379 | N12: =AF6 -> 1217 | O12: =AG6 -> 1217 | P12: =AH6 -> 1217 | Q12: =AF7 -> 878 | R12: =AG7 -> 905 | S12: =AH7 -> 939 | T12: =AF8 -> 878 | U12: =AG8 -> 910 | V12: =AH8 -> 939 | W12: =AF9 -> 878 | X12: =AG9 -> 906 | Y12: =AH9 -> 939 | Z12: =AF10 -> 878 | AA12: =AG10 -> 909 | AB12: =AH10 -> 938 | AC12: =AF11 -> 133 | AD12: =AG11 -> 133 | AE12: =AH11 -> 133 | AF12: 0 | AG12: 0 | AH12: 0 | AI12: 897 | AJ12: 897 | AK12: 897 | AL12: 896 | AM12: 896 | AN12: 896 | AO12: 878 | AP12: 956 | AQ12: 938 | AR12: 879 | AS12: 938 | AT12: 1525 | AU12: 879 | AV12: 909 | AW12: 938 | AX12: 879 | AY12: 903 | AZ12: 938 | BA12: 2004 | BB12: 2105 | BC12: 2227 | BD12: 879 | BE12: 939 | BF12: 1927 | BG12: 237 | BH12: 237 | BI12: 237 | BJ12: 226 | BK12: 226 | BL12: 226 | BM12: 879 | BN12: 939 | BO12: 1928 | BP12: 879 | BQ12: 939 | BR12: 1928 | BS12: 878 | BT12: 938 | BU12: 1928 | BV12: 188 | BW12: 188 | BX12: 188 | BY12: 878 | BZ12: 908 | CA12: 940 | CB12: 878 | CC12: 938 | CD12: 1928 | CE12: 937 | CF12: 941 | CG12: 0 | CH12: 697 | CI12: 697 | CJ12: 697 | CK12: 778 | CL12: 778 | CM12: 778 | CN12: 459 | CO12: 459 | CP12: 459 | CQ12: 878 | CR12: 939 | CS12: 1505 | CT12: 74 | CU12: 74 | CV12: 74 | CW12: 1004 | CX12: 1004 | CY12: 1004 | CZ12: 1549 | DA12: 1549 | DB12: 1549 | DC12: 974 | DD12: 974 | DE12: 974 | DF12: 1787 | DG12: 1787 | DH12: 1787 | DI12: 1735 | DJ12: 1735 | DK12: 1735 | DL12: 987 | DM12: 987 | DN12: 987
A13: LA PALLICE | B13: =AI2 -> 240 | C13: =AJ2 -> 306 | D13: =AK2 -> 870 | E13: =AI3 -> 195 | F13: =AJ3 -> 193 | G13: =AK3 -> 192 | H13: =AI4 -> 240 | I13: =AJ4 -> 270 | J13: =AK4 -> 307 | K13: =AI5 -> 1220 | L13: =AJ5 -> 1220 | M13: =AK5 -> 1220 | N13: =AI6 -> 608 | O13: =AJ6 -> 608 | P13: =AK6 -> 608 | Q13: =AI7 -> 239 | R13: 0 | S13: =AK7 -> 307 | T13: =AI8 -> 239 | U13: =AJ8 -> 266 | V13: =AK8 -> 306 | W13: =AI9 -> 239 | X13: =AJ9 -> 270 | Y13: =AK9 -> 307 | Z13: =AI10 -> 239 | AA13: =AJ10 -> 307 | AB13: =AK10 -> 1325 | AC13: =AI11 -> 974 | AD13: =AJ11 -> 974 | AE13: =AK11 -> 974 | AF13: =AI12 -> 897 | AG13: =AJ12 -> 897 | AH13: =AK12 -> 897 | AI13: 0 | AJ13: 0 | AK13: 0 | AL13: 896 | AM13: 896 | AN13: 896 | AO13: 878 | AP13: 906 | AQ13: 939 | AR13: 879 | AS13: 939 | AT13: 1525 | AU13: 240 | AV13: 268 | AW13: 306 | AX13: 240 | AY13: 305 | AZ13: 924 | BA13: 693 | BB13: 1380 | BC13: 1637 | BD13: 305 | BE13: 923 | BF13: 1325 | BG13: 712 | BH13: 712 | BI13: 712 | BJ13: 724 | BK13: 724 | BL13: 724 | BM13: 307 | BN13: 924 | BO13: 1325 | BP13: 306 | BQ13: 924 | BR13: 1325 | BS13: 306 | BT13: 924 | BU13: 1325 | BV13: 734 | BW13: 734 | BX13: 734 | BY13: 240 | BZ13: 272 | CA13: 306 | CB13: 305 | CC13: 924 | CD13: 1326 | CE13: 278 | CF13: 298 | CG13: 328 | CH13: 1345 | CI13: 1345 | CJ13: 1345 | CK13: 200 | CL13: 200 | CM13: 200 | CN13: 483 | CO13: 483 | CP13: 483 | CQ13: 240 | CR13: 306 | CS13: 924 | CT13: 920 | CU13: 920 | CV13: 920 | CW13: 1845 | CX13: 1845 | CY13: 1845 | CZ13: 2390 | DA13: 2390 | DB13: 2390 | DC13: 1815 | DD13: 1815 | DE13: 1815 | DF13: 2628 | DG13: 2628 | DH13: 2628 | DI13: 2576 | DJ13: 2576 | DK13: 2576 | DL13: 1828 | DM13: 1828 | DN13: 1828
A14: MONTOIR DE BRETAGNE | B14: =AL2 -> 175 | C14: =AM2 -> 242 | D14: =AN2 -> 859 | E14: =AL3 -> 250 | F14: =AM3 -> 248 | G14: =AN3 -> 245 | H14: =AL4 -> 175 | I14: =AM4 -> 206 | J14: =AN4 -> 242 | K14: =AL5 -> 1220 | L14: =AM5 -> 1220 | M14: =AN5 -> 1220 | N14: =AL6 -> 544 | O14: =AM6 -> 544 | P14: =AN6 -> 544 | Q14: =AL7 -> 175 | R14: =AM7 -> 201 | S14: =AN7 -> 242 | T14: =AL8 -> 206 | U14: =AM8 -> 242 | V14: =AN8 -> 175 | W14: =AL9 -> 175 | X14: =AM9 -> 207 | Y14: =AN9 -> 241 | Z14: =AL10 -> 175 | AA14: =AM10 -> 206 | AB14: =AN10 -> 242 | AC14: =AL11 -> 974 | AD14: =AM11 -> 974 | AE14: =AN11 -> 974 | AF14: =AL12 -> 896 | AG14: =AM12 -> 896 | AH14: =AN12 -> 896 | AI14: =AL13 -> 896 | AJ14: =AM13 -> 896 | AK14: =AN13 -> 896 | AL14: 0 | AM14: 0 | AN14: 0 | AO14: 175 | AP14: 201 | AQ14: 242 | AR14: 176 | AS14: 241 | AT14: 859 | AU14: 145 | AV14: 200 | AW14: 242 | AX14: 175 | AY14: 240 | AZ14: 859 | BA14: 626 | BB14: 1278 | BC14: 1573 | BD14: 175 | BE14: 859 | BF14: 1270 | BG14: 711 | BH14: 711 | BI14: 711 | BJ14: 723 | BK14: 723 | BL14: 723 | BM14: 215 | BN14: 859 | BO14: 1260 | BP14: 175 | BQ14: 859 | BR14: 1260 | BS14: 175 | BT14: 859 | BU14: 1261 | BV14: 733 | BW14: 733 | BX14: 733 | BY14: 175 | BZ14: 204 | CA14: 241 | CB14: 175 | CC14: 859 | CD14: 1261 | CE14: 214 | CF14: 242 | CG14: 264 | CH14: 1345 | CI14: 1345 | CJ14: 1345 | CK14: 243 | CL14: 243 | CM14: 243 | CN14: 482 | CO14: 482 | CP14: 482 | CQ14: 176 | CR14: 200 | CS14: 242 | CT14: 919 | CU14: 919 | CV14: 919 | CW14: 1844 | CX14: 1844 | CY14: 1844 | CZ14: 2389 | DA14: 2389 | DB14: 2389 | DC14: 1814 | DD14: 1814 | DE14: 1814 | DF14: 2627 | DG14: 2627 | DH14: 2627 | DI14: 2575 | DJ14: 2575 | DK14: 2575 | DL14: 1828 | DM14: 1828 | DN14: 1828
A15: DUNKIRK | B15: =AO2 -> 0 | C15: =AP2 -> 0 | D15: =AQ2 -> 0 | E15: =AO3 -> 337 | F15: =AP3 -> 374 | G15: =AQ3 -> 404 | H15: =AO4 -> 0 | I15: =AP4 -> 0 | J15: =AQ4 -> 0 | K15: =AO5 -> 1201 | L15: =AP5 -> 1232 | M15: =AQ5 -> 1261 | N15: =AO6 -> 328 | O15: =AP6 -> 327 | P15: =AQ6 -> 328 | Q15: =AO7 -> 0 | R15: =AP7 -> 0 | S15: =AQ7 -> 0 | T15: =AO8 -> 0 | U15: =AP8 -> 0 | V15: =AQ8 -> 0 | W15: =AO9 -> 0 | X15: =AP9 -> 0 | Y15: =AQ9 -> 0 | Z15: =AO10 -> 0 | AA15: =AP10 -> 0 | AB15: =AQ10 -> 0 | AC15: =AO11 -> 955 | AD15: =AP11 -> 982 | AE15: =AQ11 -> 1016 | AF15: =AO12 -> 878 | AG15: =AP12 -> 956 | AH15: =AQ12 -> 938 | AI15: =AO13 -> 878 | AJ15: =AP13 -> 906 | AK15: =AQ13 -> 939 | AL15: =AO14 -> 175 | AM15: =AP14 -> 201 | AN15: =AQ14 -> 242 | AO15: 0 | AP15: 0 | AQ15: 0 | AR15: 0 | AS15: 0 | AT15: 0 | AU15: 0 | AV15: 0 | AW15: 0 | AX15: 0 | AY15: 0 | AZ15: 0 | BA15: 386 | BB15: 425 | BC15: 1357 | BD15: 0 | BE15: 0 | BF15: 0 | BG15: 693 | BH15: 717 | BI15: 754 | BJ15: 705 | BK15: 731 | BL15: 765 | BM15: 643 | BN15: 0 | BO15: 1045 | BP15: 0 | BQ15: 0 | BR15: 0 | BS15: 0 | BT15: 0 | BU15: 0 | BV15: 715 | BW15: 741 | BX15: 775 | BY15: 0 | BZ15: 0 | CA15: 0 | CB15: 0 | CC15: 0 | CD15: 0 | CE15: 3 | CF15: 5 | CG15: 8 | CH15: 1326 | CI15: 1353 | CJ15: 1387 | CK15: 320 | CL15: 350 | CM15: 387 | CN15: 464 | CO15: 494 | CP15: 524 | CQ15: 0 | CR15: 0 | CS15: 0 | CT15: 901 | CU15: 929 | CV15: 961 | CW15: 1826 | CX15: 1852 | CY15: 1886 | CZ15: 2371 | DA15: 2399 | DB15: 2432 | DC15: 1796 | DD15: 1824 | DE15: 1853 | DF15: 2609 | DG15: 2637 | DH15: 2668 | DI15: 2557 | DJ15: 2585 | DK15: 2618 | DL15: 1809 | DM15: 1836 | DN15: 2179
A16: TEESPORT | B16: =AR2 -> 0 | C16: =AS2 -> 0 | D16: =AT2 -> 0 | E16: =AR3 -> 337 | F16: =AS3 -> 401 | G16: =AT3 -> 1021 | H16: =AR4 -> 0 | I16: =AS4 -> 0 | J16: =AT4 -> 0 | K16: =AR5 -> 1202 | L16: =AS5 -> 1260 | M16: =AT5 -> 1848 | N16: =AR6 -> 442 | O16: =AS6 -> 442 | P16: =AT6 -> 442 | Q16: =AR7 -> 0 | R16: =AS7 -> 0 | S16: =AT7 -> 0 | T16: =AR8 -> 0 | U16: =AS8 -> 0 | V16: =AT8 -> 0 | W16: =AR9 -> 0 | X16: =AS9 -> 0 | Y16: =AT9 -> 0 | Z16: =AR10 -> 0 | AA16: =AS10 -> 0 | AB16: =AT10 -> 0 | AC16: =AR11 -> 956 | AD16: =AS11 -> 981 | AE16: =AT11 -> 1016 | AF16: =AR12 -> 879 | AG16: =AS12 -> 938 | AH16: =AT12 -> 1525 | AI16: =AR13 -> 879 | AJ16: =AS13 -> 939 | AK16: =AT13 -> 1525 | AL16: =AR14 -> 176 | AM16: =AS14 -> 241 | AN16: =AT14 -> 859 | AO16: =AR15 -> 0 | AP16: =AS15 -> 0 | AQ16: =AT15 -> 0 | AR16: 0 | AS16: 0 | AT16: 0 | AU16: 0 | AV16: 0 | AW16: 0 | AX16: 0 | AY16: 0 | AZ16: 0 | BA16: 387 | BB16: 479 | BC16: 750 | BD16: 0 | BE16: 0 | BF16: 0 | BG16: 694 | BH16: 719 | BI16: 753 | BJ16: 706 | BK16: 733 | BL16: 765 | BM16: 0 | BN16: 0 | BO16: 0 | BP16: 0 | BQ16: 0 | BR16: 0 | BS16: 0 | BT16: 0 | BU16: 0 | BV16: 715 | BW16: 744 | BX16: 774 | BY16: 0 | BZ16: 0 | CA16: 0 | CB16: 0 | CC16: 0 | CD16: 0 | CE16: 4 | CF16: 7 | CG16: 12 | CH16: 1327 | CI16: 1354 | CJ16: 1386 | CK16: 320 | CL16: 348 | CM16: 386 | CN16: 465 | CO16: 489 | CP16: 524 | CQ16: 0 | CR16: 0 | CS16: 0 | CT16: 902 | CU16: 929 | CV16: 961 | CW16: 1826 | CX16: 1853 | CY16: 1886 | CZ16: 2372 | DA16: 2399 | DB16: 2431 | DC16: 1796 | DD16: 1823 | DE16: 1856 | DF16: 2610 | DG16: 2637 | DH16: 2669 | DI16: 2558 | DJ16: 2583 | DK16: 2617 | DL16: 1810 | DM16: 1839 | DN16: 1870
A17: VLISSINGEN | B17: =AU2 -> 0 | C17: =AV2 -> 0 | D17: =AW2 -> 0 | E17: =AU3 -> 337 | F17: =AV3 -> 371 | G17: =AW3 -> 402 | H17: =AU4 -> 0 | I17: =AV4 -> 0 | J17: =AW4 -> 0 | K17: =AU5 -> 1202 | L17: =AV5 -> 1237 | M17: =AW5 -> 962 | N17: =AU6 -> 328 | O17: =AV6 -> 328 | P17: =AW6 -> 328 | Q17: =AU7 -> 0 | R17: =AV7 -> 0 | S17: =AW7 -> 0 | T17: =AU8 -> 0 | U17: =AV8 -> 0 | V17: =AW8 -> 0 | W17: =AU9 -> 0 | X17: =AV9 -> 0 | Y17: =AW9 -> 0 | Z17: =AU10 -> 0 | AA17: =AV10 -> 0 | AB17: =AW10 -> 0 | AC17: =AU11 -> 956 | AD17: =AV11 -> 983 | AE17: =AW11 -> 1016 | AF17: =AU12 -> 879 | AG17: =AV12 -> 909 | AH17: =AW12 -> 938 | AI17: =AU13 -> 240 | AJ17: =AV13 -> 268 | AK17: =AW13 -> 306 | AL17: =AU14 -> 145 | AM17: =AV14 -> 200 | AN17: =AW14 -> 242 | AO17: =AU15 -> 0 | AP17: =AV15 -> 0 | AQ17: =AW15 -> 0 | AR17: =AU16 -> 0 | AS17: =AV16 -> 0 | AT17: =AW16 -> 0 | AU17: 0 | AV17: 0 | AW17: 0 | AX17: 0 | AY17: 0 | AZ17: 0 | BA17: 386 | BB17: 745 | BC17: 1358 | BD17: 0 | BE17: 0 | BF17: 0 | BG17: 694 | BH17: 722 | BI17: 753 | BJ17: 705 | BK17: 737 | BL17: 765 | BM17: 0 | BN17: 0 | BO17: 0 | BP17: 0 | BQ17: 0 | BR17: 0 | BS17: 0 | BT17: 0 | BU17: 0 | BV17: 715 | BW17: 743 | BX17: 775 | BY17: 0 | BZ17: 0 | CA17: 0 | CB17: 0 | CC17: 0 | CD17: 0 | CE17: 8 | CF17: 6 | CG17: 22 | CH17: 1327 | CI17: 1356 | CJ17: 1387 | CK17: 320 | CL17: 350 | CM17: 387 | CN17: 465 | CO17: 492 | CP17: 524 | CQ17: 0 | CR17: 0 | CS17: 0 | CT17: 902 | CU17: 930 | CV17: 961 | CW17: 1826 | CX17: 1854 | CY17: 1886 | CZ17: 2372 | DA17: 2402 | DB17: 2431 | DC17: 1836 | DD17: 1828 | DE17: 1856 | DF17: 1856 | DG17: 2637 | DH17: 2669 | DI17: 2557 | DJ17: 2586 | DK17: 2617 | DL17: 1810 | DM17: 1839 | DN17: 1869
A18: GDANSK | B18: =AX2 -> 0 | C18: =AY2 -> 0 | D18: =AZ2 -> 0 | E18: =AX3 -> 335 | F18: =AY3 -> 398 | G18: =AZ3 -> 1026 | H18: =AX4 -> 0 | I18: =AY4 -> 0 | J18: =AZ4 -> 0 | K18: =AX5 -> 1202 | L18: =AY5 -> 1261 | M18: =AZ5 -> 1849 | N18: =AX6 -> 328 | O18: =AY6 -> 451 | P18: =AZ6 -> 879 | Q18: =AX7 -> 0 | R18: =AY7 -> 0 | S18: =AZ7 -> 0 | T18: =AX8 -> 0 | U18: =AY8 -> 0 | V18: =AZ8 -> 0 | W18: =AX9 -> 0 | X18: =AY9 -> 0 | Y18: =AZ9 -> 0 | Z18: =AX10 -> 0 | AA18: =AY10 -> 0 | AB18: =AZ10 -> 0 | AC18: =AX11 -> 956 | AD18: =AY11 -> 981 | AE18: =AZ11 -> 1016 | AF18: =AX12 -> 879 | AG18: =AY12 -> 903 | AH18: =AZ12 -> 938 | AI18: =AX13 -> 240 | AJ18: =AY13 -> 305 | AK18: =AZ13 -> 924 | AL18: =AX14 -> 175 | AM18: =AY14 -> 240 | AN18: =AZ14 -> 859 | AO18: =AX15 -> 0 | AP18: =AY15 -> 0 | AQ18: =AZ15 -> 0 | AR18: =AX16 -> 0 | AS18: =AY16 -> 0 | AT18: =AZ16 -> 0 | AU18: =AX17 -> 0 | AV18: =AY17 -> 0 | AW18: =AZ17 -> 0 | AX18: 0 | AY18: 0 | AZ18: 0 | BA18: 386 | BB18: 386 | BC18: 386 | BD18: 0 | BE18: 0 | BF18: 0 | BG18: 694 | BH18: 719 | BI18: 753 | BJ18: 706 | BK18: 732 | BL18: 765 | BM18: 0 | BN18: 0 | BO18: 0 | BP18: 0 | BQ18: 0 | BR18: 0 | BS18: 0 | BT18: 0 | BU18: 0 | BV18: 715 | BW18: 745 | BX18: 776 | BY18: 0 | BZ18: 0 | CA18: 0 | CB18: 0 | CC18: 0 | CD18: 0 | CE18: 8 | CF18: 5 | CG18: 22 | CH18: 1327 | CI18: 1354 | CJ18: 1387 | CK18: 320 | CL18: 349 | CM18: 386 | CN18: 465 | CO18: 492 | CP18: 523 | CQ18: 0 | CR18: 0 | CS18: 0 | CT18: 902 | CU18: 931 | CV18: 961 | CW18: 1827 | CX18: 1856 | CY18: 1886 | CZ18: 2372 | DA18: 2397 | DB18: 2431 | DC18: 1346 | DD18: 1816 | DE18: 1852 | DF18: 2616 | DG18: 2640 | DH18: 2666 | DI18: 2562 | DJ18: 2592 | DK18: 2613 | DL18: 1818 | DM18: 1833 | DN18: 1857
A19: MO I RANA | B19: =BB2 -> 462 | C19: =BA2 -> 525 | D19: =BC2 -> 813 | E19: =BA3 -> 723 | F19: =BB3 -> 781 | G19: =BC3 -> 1734 | H19: =BA4 -> 395 | I19: =BB4 -> 387 | J19: =BC4 -> 1357 | K19: =BA5 -> 2327 | L19: =BB5 -> 2448 | M19: =BC5 -> 2563 | N19: =BA6 -> 919 | O19: =BB6 -> 1009 | P19: =BC6 -> 1155 | Q19: =BA7 -> 386 | R19: =BB7 -> 405 | S19: =BC7 -> 1357 | T19: =BA8 -> 386 | U19: =BB8 -> 410 | V19: =BC8 -> 1357 | W19: =BA9 -> 386 | X19: =BB9 -> 386 | Y19: =BC9 -> 3314 | Z19: =BA10 -> 386 | AA19: =BB10 -> 386 | AB19: =BC10 -> 386 | AC19: =BA11 -> 1402 | AD19: =BB11 -> 2081 | AE19: =BC11 -> 2304 | AF19: =BA12 -> 2004 | AG19: =BB12 -> 2105 | AH19: =BC12 -> 2227 | AI19: =BA13 -> 693 | AJ19: =BB13 -> 1380 | AK19: =BC13 -> 1637 | AL19: =BA14 -> 626 | AM19: =BB14 -> 1278 | AN19: =BC14 -> 1573 | AO19: =BA15 -> 386 | AP19: =BB15 -> 425 | AQ19: =BC15 -> 1357 | AR19: =BA16 -> 387 | AS19: =BB16 -> 479 | AT19: =BC16 -> 750 | AU19: =BA17 -> 386 | AV19: =BB17 -> 745 | AW19: =BC17 -> 1358 | AX19: =BA18 -> 386 | AY19: =BB18 -> 386 | AZ19: =BC18 -> 386 | BA19: 0 | BB19: 0 | BC19: 0 | BD19: 386 | BE19: 386 | BF19: 386 | BG19: 1818 | BH19: 1926 | BI19: 2042 | BJ19: 1829 | BK19: 1944 | BL19: 2053 | BM19: 386 | BN19: 386 | BO19: 386 | BP19: 386 | BQ19: 386 | BR19: 386 | BS19: 385 | BT19: 385 | BU19: 385 | BV19: 1839 | BW19: 1935 | BX19: 2063 | BY19: 386 | BZ19: 427 | CA19: 1357 | CB19: 387 | CC19: 387 | CD19: 387 | CE19: 389 | CF19: 1122 | CG19: 1361 | CH19: 2422 | CI19: 2527 | CJ19: 2646 | CK19: 706 | CL19: 1469 | CM19: 1720 | CN19: 1590 | CO19: 1681 | CP19: 1813 | CQ19: 386 | CR19: 386 | CS19: 386 | CT19: 2036 | CU19: 2126 | CV19: 2249 | CW19: 2212 | CX19: 2891 | CY19: 3174 | CZ19: 3496 | DA19: 3606 | DB19: 3719 | DC19: 2184 | DD19: 2860 | DE19: 3144 | DF19: 2996 | DG19: 3670 | DH19: 3959 | DI19: 2988 | DJ19: 3635 | DK19: 3906 | DL19: 2196 | DM19: 2868 | DN19: 3158
A20: STAVANGER | B20: =BD2 -> 0 | C20: =BE2 -> 0 | D20: =BF2 -> 0 | E20: =BD3 -> 337 | F20: =BE3 -> 401 | G20: =BF3 -> 1422 | H20: =BD4 -> 0 | I20: =BE4 -> 0 | J20: =BF4 -> 0 | K20: =BD5 -> 1202 | L20: =BE5 -> 1848 | M20: =BF5 -> 2251 | N20: =BD6 -> 450 | O20: =BE6 -> 442 | P20: =BF6 -> 843 | Q20: =BD7 -> 0 | R20: =BE7 -> 0 | S20: =BF7 -> 0 | T20: =BD8 -> 0 | U20: =BE8 -> 0 | V20: =BF8 -> 0 | W20: =BD9 -> 0 | X20: =BE9 -> 0 | Y20: =BF9 -> 0 | Z20: =BD10 -> 0 | AA20: =BE10 -> 0 | AB20: =BF10 -> 0 | AC20: =BD11 -> 956 | AD20: =BE11 -> 1015 | AE20: =BF11 -> 2005 | AF20: =BD12 -> 879 | AG20: =BE12 -> 939 | AH20: =BF12 -> 1927 | AI20: =BD13 -> 305 | AJ20: =BE13 -> 923 | AK20: =BF13 -> 1325 | AL20: =BD14 -> 175 | AM20: =BE14 -> 859 | AN20: =BF14 -> 1270 | AO20: =BD15 -> 0 | AP20: =BE15 -> 0 | AQ20: =BF15 -> 0 | AR20: =BD16 -> 0 | AS20: =BE16 -> 0 | AT20: =BF16 -> 0 | AU20: =BD17 -> 0 | AV20: =BE17 -> 0 | AW20: =BF17 -> 0 | AX20: =BD18 -> 0 | AY20: =BE18 -> 0 | AZ20: =BF18 -> 0 | BA20: =BD19 -> 386 | BB20: =BE19 -> 386 | BC20: =BF19 -> 386 | BD20: 0 | BE20: 0 | BF20: 0 | BG20: 694 | BH20: 1340 | BI20: 1729 | BJ20: 705 | BK20: 1352 | BL20: 1741 | BM20: 0 | BN20: 0 | BO20: 0 | BP20: 0 | BQ20: 0 | BR20: 0 | BS20: 0 | BT20: 0 | BU20: 0 | BV20: 742 | BW20: 1362 | BX20: 1751 | BY20: 0 | BZ20: 0 | CA20: 0 | CB20: 0 | CC20: 0 | CD20: 0 | CE20: 4 | CF20: 647 | CG20: 1048 | CH20: 1329 | CI20: 1944 | CJ20: 2333 | CK20: 371 | CL20: 1003 | CM20: 1405 | CN20: 497 | CO20: 1112 | CP20: 1501 | CQ20: 0 | CR20: 0 | CS20: 0 | CT20: 929 | CU20: 1574 | CV20: 1937 | CW20: 1864 | CX20: 2505 | CY20: 2862 | CZ20: 2419 | DA20: 3033 | DB20: 3407 | DC20: 1855 | DD20: 2433 | DE20: 2832 | DF20: 2664 | DG20: 3276 | DH20: 3645 | DI20: 2600 | DJ20: 3205 | DK20: 3593 | DL20: 1858 | DM20: 2458 | DN20: 2845
A21: LISBON | B21: =BG2 -> 693 | C21: =BH2 -> 754 | D21: =BI2 -> 1341 | E21: =BG3 -> 634 | F21: =BH3 -> 638 | G21: =BI3 -> 640 | H21: =BG4 -> 694 | I21: =BH4 -> 727 | J21: =BI4 -> 754 | K21: =BG5 -> 560 | L21: =BH5 -> 560 | M21: =BI5 -> 560 | N21: =BG6 -> 1032 | O21: =BH6 -> 1032 | P21: =BI6 -> 1032 | Q21: =BG7 -> 693 | R21: =BH7 -> 725 | S21: =BI7 -> 754 | T21: =BG8 -> 693 | U21: =BH8 -> 724 | V21: =BI8 -> 754 | W21: =BG9 -> 693 | X21: =BH9 -> 724 | Y21: =BI9 -> 754 | Z21: =BG10 -> 693 | AA21: =BH10 -> 723 | AB21: =BI10 -> 754 | AC21: =BG11 -> 314 | AD21: =BH11 -> 314 | AE21: =BI11 -> 314 | AF21: =BG12 -> 237 | AG21: =BH12 -> 237 | AH21: =BI12 -> 237 | AI21: =BG13 -> 712 | AJ21: =BH13 -> 712 | AK21: =BI13 -> 712 | AL21: =BG14 -> 711 | AM21: =BH14 -> 711 | AN21: =BI14 -> 711 | AO21: =BG15 -> 693 | AP21: =BH15 -> 717 | AQ21: =BI15 -> 754 | AR21: =BG16 -> 694 | AS21: =BH16 -> 719 | AT21: =BI16 -> 753 | AU21: =BG17 -> 694 | AV21: =BH17 -> 722 | AW21: =BI17 -> 753 | AX21: =BG18 -> 694 | AY21: =BH18 -> 719 | AZ21: =BI18 -> 753 | BA21: =BG19 -> 1818 | BB21: =BH19 -> 1926 | BC21: =BI19 -> 2042 | BD21: =BG20 -> 694 | BE21: =BH20 -> 1340 | BF21: =BI20 -> 1729 | BG21: 0 | BH21: 0 | BI21: 0 | BJ21: 42 | BK21: 42 | BL21: 42 | BM21: 717 | BN21: 1346 | BO21: 1743 | BP21: 694 | BQ21: 719 | BR21: 754 | BS21: 694 | BT21: 721 | BU21: 753 | BV21: 71 | BW21: 71 | BX21: 71 | BY21: 693 | BZ21: 714 | CA21: 752 | CB21: 693 | CC21: 723 | CD21: 749 | CE21: 752 | CF21: 761 | CG21: 775 | CH21: 712 | CI21: 712 | CJ21: 712 | CK21: 593 | CL21: 593 | CM21: 593 | CN21: 274 | CO21: 274 | CP21: 274 | CQ21: 694 | CR21: 719 | CS21: 751 | CT21: 260 | CU21: 260 | CV21: 260 | CW21: 1184 | CX21: 1184 | CY21: 1184 | CZ21: 1730 | DA21: 1730 | DB21: 1730 | DC21: 1154 | DD21: 1154 | DE21: 1154 | DF21: 1968 | DG21: 1968 | DH21: 1968 | DI21: 1915 | DJ21: 1915 | DK21: 1915 | DL21: 1168 | DM21: 1168 | DN21: 1168
A22: SETUBAL | B22: =BJ2 -> 705 | C22: =BK2 -> 766 | D22: =BL2 -> 1352 | E22: =BJ3 -> 645 | F22: =BK3 -> 650 | G22: =BL3 -> 655 | H22: =BJ4 -> 705 | I22: =BK4 -> 740 | J22: =BL4 -> 766 | K22: =BJ5 -> 549 | L22: =BK5 -> 549 | M22: =BL5 -> 549 | N22: =BJ6 -> 1044 | O22: =BK6 -> 1044 | P22: =BL6 -> 1044 | Q22: =BJ7 -> 705 | R22: =BK7 -> 731 | S22: =BL7 -> 766 | T22: =BJ8 -> 705 | U22: =BK8 -> 733 | V22: =BL8 -> 766 | W22: =BJ9 -> 705 | X22: =BK9 -> 733 | Y22: =BL9 -> 765 | Z22: =BJ10 -> 705 | AA22: =BK10 -> 732 | AB22: =BL10 -> 765 | AC22: =BJ11 -> 303 | AD22: =BK11 -> 303 | AE22: =BL11 -> 303 | AF22: =BJ12 -> 226 | AG22: =BK12 -> 226 | AH22: =BL12 -> 226 | AI22: =BJ13 -> 724 | AJ22: =BK13 -> 724 | AK22: =BL13 -> 724 | AL22: =BJ14 -> 723 | AM22: =BK14 -> 723 | AN22: =BL14 -> 723 | AO22: =BJ15 -> 705 | AP22: =BK15 -> 731 | AQ22: =BL15 -> 765 | AR22: =BJ16 -> 706 | AS22: =BK16 -> 733 | AT22: =BL16 -> 765 | AU22: =BJ17 -> 705 | AV22: =BK17 -> 737 | AW22: =BL17 -> 765 | AX22: =BJ18 -> 706 | AY22: =BK18 -> 732 | AZ22: =BL18 -> 765 | BA22: =BJ19 -> 1829 | BB22: =BK19 -> 1944 | BC22: =BL19 -> 2053 | BD22: =BJ20 -> 705 | BE22: =BK20 -> 1352 | BF22: =BL20 -> 1741 | BG22: =BJ21 -> 42 | BH22: =BK21 -> 42 | BI22: =BL21 -> 42 | BJ22: 0 | BK22: 0 | BL22: 0 | BM22: 706 | BN22: 1352 | BO22: 1754 | BP22: 750 | BQ22: 1353 | BR22: 1702 | BS22: 759 | BT22: 1353 | BU22: 1755 | BV22: 59 | BW22: 59 | BX22: 59 | BY22: 705 | BZ22: 736 | CA22: 764 | CB22: 732 | CC22: 1353 | CD22: 1755 | CE22: 770 | CF22: 778 | CG22: 787 | CH22: 706 | CI22: 706 | CJ22: 706 | CK22: 605 | CL22: 605 | CM22: 605 | CN22: 286 | CO22: 286 | CP22: 286 | CQ22: 706 | CR22: 765 | CS22: 1352 | CT22: 249 | CU22: 249 | CV22: 249 | CW22: 1174 | CX22: 1174 | CY22: 1174 | CZ22: 1719 | DA22: 1719 | DB22: 1719 | DC22: 1144 | DD22: 1144 | DE22: 1144 | DF22: 1957 | DG22: 1957 | DH22: 1957 | DI22: 1905 | DJ22: 1905 | DK22: 1905 | DL22: 1157 | DM22: 1157 | DN22: 1157
A23: ORESUND | B23: ='Distance within the ECA'!BM2 -> 405 | C23: ='Distance within the ECA'!BN2 -> 400 | D23: ='Distance within the ECA'!BO2 -> 396 | E23: =BM3 -> 337 | F23: =BN3 -> 404 | G23: =BO3 -> 1422 | H23: =BM4 -> 0 | I23: =BN4 -> 0 | J23: =BO4 -> 0 | K23: =BM5 -> 1202 | L23: =BN5 -> 1868 | M23: =BO5 -> 2251 | N23: =BM6 -> 1044 | O23: =BN6 -> 1044 | P23: =BO6 -> 1044 | Q23: =BM7 -> 0 | R23: =BN7 -> 0 | S23: =BO7 -> 0 | T23: =BM8 -> 0 | U23: =BN8 -> 0 | V23: =BO8 -> 0 | W23: =BM9 -> 0 | X23: =BN9 -> 0 | Y23: =BO9 -> 0 | Z23: =BM10 -> 0 | AA23: =BN10 -> 0 | AB23: =BO10 -> 0 | AC23: =BM11 -> 956 | AD23: =BN11 -> 1016 | AE23: =BO11 -> 2005 | AF23: =BM12 -> 879 | AG23: =BN12 -> 939 | AH23: =BO12 -> 1928 | AI23: =BM13 -> 307 | AJ23: =BN13 -> 924 | AK23: =BO13 -> 1325 | AL23: =BM14 -> 215 | AM23: =BN14 -> 859 | AN23: =BO14 -> 1260 | AO23: =BM15 -> 643 | AP23: =BN15 -> 0 | AQ23: =BO15 -> 1045 | AR23: =BM16 -> 0 | AS23: =BN16 -> 0 | AT23: =BO16 -> 0 | AU23: =BM17 -> 0 | AV23: =BN17 -> 0 | AW23: =BO17 -> 0 | AX23: =BM18 -> 0 | AY23: =BN18 -> 0 | AZ23: =BO18 -> 0 | BA23: =BM19 -> 386 | BB23: =BN19 -> 386 | BC23: =BO19 -> 386 | BD23: =BM20 -> 0 | BE23: =BN20 -> 0 | BF23: =BO20 -> 0 | BG23: =BM21 -> 717 | BH23: =BN21 -> 1346 | BI23: =BO21 -> 1743 | BJ23: =BM22 -> 706 | BK23: =BN22 -> 1352 | BL23: =BO22 -> 1754 | BM23: 0 | BN23: 0 | BO23: 0 | BP23: 0 | BQ23: 0 | BR23: 0 | BS23: 0 | BT23: 0 | BU23: 0 | BV23: 746 | BW23: 1362 | BX23: 1751 | BY23: 0 | BZ23: 0 | CA23: 0 | CB23: 0 | CC23: 0 | CD23: 0 | CE23: 3 | CF23: 646 | CG23: 1048 | CH23: 1327 | CI23: 1944 | CJ23: 2333 | CK23: 321 | CL23: 1003 | CM23: 1405 | CN23: 465 | CO23: 1123 | CP23: 1502 | CQ23: 0 | CR23: 0 | CS23: 0 | CT23: 940 | CU23: 1548 | CV23: 1937 | CW23: 1848 | CX23: 2502 | CY23: 2862 | CZ23: 2372 | DA23: 3043 | DB23: 3407 | DC23: 1816 | DD23: 2442 | DE23: 2832 | DF23: 2637 | DG23: 3284 | DH23: 3645 | DI23: 2614 | DJ23: 3229 | DK23: 3593 | DL23: 1851 | DM23: 2456 | DN23: 2845
A24: MALMO | B24: ='Distance within the ECA'!BP2 -> 305 | C24: ='Distance within the ECA'!BQ2 -> 300 | D24: ='Distance within the ECA'!BR2 -> 293 | E24: =BP3 -> 337 | F24: =BQ3 -> 403 | G24: =BR3 -> 1422 | H24: =BP4 -> 0 | I24: =BQ4 -> 0 | J24: =BR4 -> 0 | K24: =BP5 -> 1202 | L24: =BQ5 -> 1848 | M24: =BR5 -> 2251 | N24: =BP6 -> 328 | O24: =BQ6 -> 441 | P24: =BR6 -> 483 | Q24: =BP7 -> 0 | R24: =BQ7 -> 0 | S24: =BR7 -> 0 | T24: =BP8 -> 0 | U24: =BQ8 -> 0 | V24: =BR8 -> 0 | W24: =BP9 -> 0 | X24: =BQ9 -> 0 | Y24: =BR9 -> 0 | Z24: =BP10 -> 0 | AA24: =BQ10 -> 0 | AB24: =BR10 -> 0 | AC24: =BP11 -> 956 | AD24: =BQ11 -> 1015 | AE24: =BR11 -> 2005 | AF24: =BP12 -> 879 | AG24: =BQ12 -> 939 | AH24: =BR12 -> 1928 | AI24: =BP13 -> 306 | AJ24: =BQ13 -> 924 | AK24: =BR13 -> 1325 | AL24: =BP14 -> 175 | AM24: =BQ14 -> 859 | AN24: =BR14 -> 1260 | AO24: =BP15 -> 0 | AP24: =BQ15 -> 0 | AQ24: =BR15 -> 0 | AR24: =BP16 -> 0 | AS24: =BQ16 -> 0 | AT24: =BR16 -> 0 | AU24: =BP17 -> 0 | AV24: =BQ17 -> 0 | AW24: =BR17 -> 0 | AX24: =BP18 -> 0 | AY24: =BQ18 -> 0 | AZ24: =BR18 -> 0 | BA24: =BP19 -> 386 | BB24: =BQ19 -> 386 | BC24: =BR19 -> 386 | BD24: =BP20 -> 0 | BE24: =BQ20 -> 0 | BF24: =BR20 -> 0 | BG24: =BP21 -> 694 | BH24: =BQ21 -> 719 | BI24: =BR21 -> 754 | BJ24: =BP22 -> 750 | BK24: =BQ22 -> 1353 | BL24: =BR22 -> 1702 | BM24: =BP23 -> 0 | BN24: =BQ23 -> 0 | BO24: =BR23 -> 0 | BP24: 0 | BQ24: 0 | BR24: 0 | BS24: 0 | BT24: 0 | BU24: 0 | BV24: 715 | BW24: 1362 | BX24: 1751 | BY24: 0 | BZ24: 0 | CA24: 0 | CB24: 0 | CC24: 0 | CD24: 0 | CE24: 4 | CF24: 647 | CG24: 1048 | CH24: 1327 | CI24: 1944 | CJ24: 2333 | CK24: 347 | CL24: 1004 | CM24: 1405 | CN24: 490 | CO24: 1113 | CP24: 1501 | CQ24: 0 | CR24: 0 | CS24: 0 | CT24: 927 | CU24: 1548 | CV24: 1937 | CW24: 1845 | CX24: 2473 | CY24: 2962 | CZ24: 2387 | DA24: 3018 | DB24: 3407 | DC24: 1810 | DD24: 2433 | DE24: 2832 | DF24: 2669 | DG24: 3250 | DH24: 3643 | DI24: 2558 | DJ24: 3204 | DK24: 3593 | DL24: 1853 | DM24: 2459 | DN24: 2845
A25: HELSINGBORG | B25: =BS2 -> 0 | C25: =BT2 -> 0 | D25: =BU2 -> 0 | E25: =BS3 -> 337 | F25: =BT3 -> 400 | G25: =BU3 -> 1422 | H25: =BS4 -> 0 | I25: =BT4 -> 0 | J25: =BU4 -> 0 | K25: =BS5 -> 1202 | L25: =BT5 -> 1849 | M25: =BU5 -> 2251 | N25: =BS6 -> 463 | O25: =BT6 -> 442 | P25: =BU6 -> 843 | Q25: =BS7 -> 0 | R25: =BT7 -> 0 | S25: =BU7 -> 0 | T25: =BS8 -> 0 | U25: =BT8 -> 0 | V25: =BU8 -> 0 | W25: =BS9 -> 0 | X25: =BT9 -> 0 | Y25: =BU9 -> 0 | Z25: =BS10 -> 0 | AA25: =BT10 -> 0 | AB25: =BU10 -> 0 | AC25: =BS11 -> 956 | AD25: =BT11 -> 1016 | AE25: =BU11 -> 2005 | AF25: =BS12 -> 878 | AG25: =BT12 -> 938 | AH25: =BU12 -> 1928 | AI25: =BS13 -> 306 | AJ25: =BT13 -> 924 | AK25: =BU13 -> 1325 | AL25: =BS14 -> 175 | AM25: =BT14 -> 859 | AN25: =BU14 -> 1261 | AO25: =BS15 -> 0 | AP25: =BT15 -> 0 | AQ25: =BU15 -> 0 | AR25: =BS16 -> 0 | AS25: =BT16 -> 0 | AT25: =BU16 -> 0 | AU25: =BS17 -> 0 | AV25: =BT17 -> 0 | AW25: =BU17 -> 0 | AX25: =BS18 -> 0 | AY25: =BT18 -> 0 | AZ25: =BU18 -> 0 | BA25: =BS19 -> 385 | BB25: =BT19 -> 385 | BC25: =BU19 -> 385 | BD25: =BS20 -> 0 | BE25: =BT20 -> 0 | BF25: =BU20 -> 0 | BG25: =BS21 -> 694 | BH25: =BT21 -> 721 | BI25: =BU21 -> 753 | BJ25: =BS22 -> 759 | BK25: =BT22 -> 1353 | BL25: =BU22 -> 1755 | BM25: =BS23 -> 0 | BN25: =BT23 -> 0 | BO25: =BU23 -> 0 | BP25: =BS24 -> 0 | BQ25: =BT24 -> 0 | BR25: =BU24 -> 0 | BS25: 0 | BT25: 0 | BU25: 0 | BV25: 715 | BW25: 1362 | BX25: 1751 | BY25: 0 | BZ25: 0 | CA25: 0 | CB25: 0 | CC25: 0 | CD25: 0 | CE25: 6 | CF25: 16 | CG25: 4 | CH25: 1379 | CI25: 1944 | CJ25: 2333 | CK25: 348 | CL25: 1004 | CM25: 1405 | CN25: 484 | CO25: 1112 | CP25: 1454 | CQ25: 0 | CR25: 0 | CS25: 0 | CT25: 925 | CU25: 1548 | CV25: 1937 | CW25: 1826 | CX25: 1851 | CY25: 1886 | CZ25: 2372 | DA25: 2399 | DB25: 2431 | DC25: 1796 | DD25: 1821 | DE25: 1856 | DF25: 2610 | DG25: 2636 | DH25: 2669 | DI25: 2557 | DJ25: 2589 | DK25: 2617 | DL25: 1810 | DM25: 1837 | DN25: 1869
A26: SINES | B26: =BV2 -> 715 | C26: =BW2 -> 775 | D26: =BX2 -> 1362 | E26: =BV3 -> 660 | F26: =BW3 -> 658 | G26: =BX3 -> 655 | H26: =BV4 -> 715 | I26: =BW4 -> 744 | J26: =BX4 -> 775 | K26: =BV5 -> 512 | L26: =BW5 -> 512 | M26: =BX5 -> 512 | N26: =BV6 -> 1054 | O26: =BW6 -> 1054 | P26: =BX6 -> 1054 | Q26: =BV7 -> 714 | R26: =BW7 -> 748 | S26: =BX7 -> 776 | T26: =BV8 -> 715 | U26: =BW8 -> 743 | V26: =BX8 -> 776 | W26: =BV9 -> 715 | X26: =BW9 -> 745 | Y26: =BX9 -> 775 | Z26: =BV10 -> 715 | AA26: =BW10 -> 745 | AB26: =BX10 -> 776 | AC26: =BV11 -> 266 | AD26: =BW11 -> 266 | AE26: =BX11 -> 266 | AF26: =BV12 -> 188 | AG26: =BW12 -> 188 | AH26: =BX12 -> 188 | AI26: =BV13 -> 734 | AJ26: =BW13 -> 734 | AK26: =BX13 -> 734 | AL26: =BV14 -> 733 | AM26: =BW14 -> 733 | AN26: =BX14 -> 733 | AO26: =BV15 -> 715 | AP26: =BW15 -> 741 | AQ26: =BX15 -> 775 | AR26: =BV16 -> 715 | AS26: =BW16 -> 744 | AT26: =BX16 -> 774 | AU26: =BV17 -> 715 | AV26: =BW17 -> 743 | AW26: =BX17 -> 775 | AX26: =BV18 -> 715 | AY26: =BW18 -> 745 | AZ26: =BX18 -> 776 | BA26: =BV19 -> 1839 | BB26: =BW19 -> 1935 | BC26: =BX19 -> 2063 | BD26: =BV20 -> 742 | BE26: =BW20 -> 1362 | BF26: =BX20 -> 1751 | BG26: =BV21 -> 71 | BH26: =BW21 -> 71 | BI26: =BX21 -> 71 | BJ26: =BV22 -> 59 | BK26: =BW22 -> 59 | BL26: =BX22 -> 59 | BM26: =BV23 -> 746 | BN26: =BW23 -> 1362 | BO26: =BX23 -> 1751 | BP26: =BV24 -> 715 | BQ26: =BW24 -> 1362 | BR26: =BX24 -> 1751 | BS26: =BV25 -> 715 | BT26: =BW25 -> 1362 | BU26: =BX25 -> 1751 | BV26: 0 | BW26: 0 | BX26: 0 | BY26: 715 | BZ26: 740 | CA26: 775 | CB26: 715 | CC26: 738 | CD26: 775 | CE26: 774 | CF26: 784 | CG26: 797 | CH26: 676 | CI26: 676 | CJ26: 676 | CK26: 614 | CL26: 614 | CM26: 614 | CN26: 296 | CO26: 296 | CP26: 296 | CQ26: 715 | CR26: 734 | CS26: 769 | CT26: 211 | CU26: 211 | CV26: 211 | CW26: 1136 | CX26: 1136 | CY26: 1136 | CZ26: 1681 | DA26: 1681 | DB26: 1681 | DC26: 1106 | DD26: 1106 | DE26: 1106 | DF26: 1919 | DG26: 1919 | DH26: 1919 | DI26: 1867 | DJ26: 1867 | DK26: 1867 | DL26: 1119 | DM26: 1119 | DN26: 1119
A27: TILBURY | B27: =BY2 -> 0 | C27: =BZ2 -> 0 | D27: =CA2 -> 0 | E27: =BY3 -> 337 | F27: =BZ3 -> 375 | G27: =CA3 -> 402 | H27: =BY4 -> 0 | I27: =BZ4 -> 0 | J27: =CA4 -> 0 | K27: =BY5 -> 1202 | L27: =BZ5 -> 1233 | M27: =CA5 -> 1263 | N27: =BY6 -> 325 | O27: =BZ6 -> 331 | P27: =CA6 -> 328 | Q27: =BY7 -> 0 | R27: =BZ7 -> 0 | S27: =CA7 -> 0 | T27: =BY8 -> 0 | U27: =BZ8 -> 0 | V27: =CA8 -> 0 | W27: =BY9 -> 0 | X27: =BZ9 -> 0 | Y27: =CA9 -> 0 | Z27: =BY10 -> 0 | AA27: =BZ10 -> 0 | AB27: =CA10 -> 0 | AC27: =BY11 -> 956 | AD27: =BZ11 -> 985 | AE27: =CA11 -> 1017 | AF27: =BY12 -> 878 | AG27: =BZ12 -> 908 | AH27: =CA12 -> 940 | AI27: =BY13 -> 240 | AJ27: =BZ13 -> 272 | AK27: =CA13 -> 306 | AL27: =BY14 -> 175 | AM27: =BZ14 -> 204 | AN27: =CA14 -> 241 | AO27: =BY15 -> 0 | AP27: =BZ15 -> 0 | AQ27: =CA15 -> 0 | AR27: =BY16 -> 0 | AS27: =BZ16 -> 0 | AT27: =CA16 -> 0 | AU27: =BY17 -> 0 | AV27: =BZ17 -> 0 | AW27: =CA17 -> 0 | AX27: =BY18 -> 0 | AY27: =BZ18 -> 0 | AZ27: =CA18 -> 0 | BA27: =BY19 -> 386 | BB27: =BZ19 -> 427 | BC27: =CA19 -> 1357 | BD27: =BY20 -> 0 | BE27: =BZ20 -> 0 | BF27: =CA20 -> 0 | BG27: =BY21 -> 693 | BH27: =BZ21 -> 714 | BI27: =CA21 -> 752 | BJ27: =BY22 -> 705 | BK27: =BZ22 -> 736 | BL27: =CA22 -> 764 | BM27: =BY23 -> 0 | BN27: =BZ23 -> 0 | BO27: =CA23 -> 0 | BP27: =BY24 -> 0 | BQ27: =BZ24 -> 0 | BR27: =CA24 -> 0 | BS27: =BY25 -> 0 | BT27: =BZ25 -> 0 | BU27: =CA25 -> 0 | BV27: =BY26 -> 715 | BW27: =BZ26 -> 740 | BX27: =CA26 -> 775 | BY27: 0 | BZ27: 0 | CA27: 0 | CB27: 0 | CC27: 0 | CD27: 0 | CE27: 5 | CF27: 3 | CG27: 21 | CH27: 1327 | CI27: 1354 | CJ27: 1386 | CK27: 325 | CL27: 347 | CM27: 367 | CN27: 466 | CO27: 485 | CP27: 523 | CQ27: 0 | CR27: 0 | CS27: 0 | CT27: 906 | CU27: 931 | CV27: 777 | CW27: 1834 | CX27: 1865 | CY27: 1884 | CZ27: 2375 | DA27: 2387 | DB27: 2425 | DC27: 1800 | DD27: 1821 | DE27: 1849 | DF27: 2616 | DG27: 2635 | DH27: 2661 | DI27: 2557 | DJ27: 2583 | DK27: 2614 | DL27: 1812 | DM27: 1842 | DN27: 1867
A28: KLAIPEDA | B28: =CB2 -> 0 | C28: =CC2 -> 0 | D28: =CD2 -> 0 | E28: =CB3 -> 337 | F28: =CC3 -> 1073 | G28: =CD3 -> 1423 | H28: =CB4 -> 0 | I28: =CC4 -> 0 | J28: =CD4 -> 0 | K28: =CB5 -> 1202 | L28: =CC5 -> 1260 | M28: =CD5 -> 2252 | N28: =CB6 -> 327 | O28: =CC6 -> 442 | P28: =CD6 -> 844 | Q28: =CB7 -> 0 | R28: =CC7 -> 0 | S28: =CD7 -> 0 | T28: =CB8 -> 0 | U28: =CC8 -> 0 | V28: =CD8 -> 0 | W28: =CB9 -> 0 | X28: =CC9 -> 0 | Y28: =CD9 -> 0 | Z28: =CB10 -> 0 | AA28: =CC10 -> 0 | AB28: =CD10 -> 0 | AC28: =CB11 -> 956 | AD28: =CC11 -> 1016 | AE28: =CD11 -> 2006 | AF28: =CB12 -> 878 | AG28: =CC12 -> 938 | AH28: =CD12 -> 1928 | AI28: =CB13 -> 305 | AJ28: =CC13 -> 924 | AK28: =CD13 -> 1326 | AL28: =CB14 -> 175 | AM28: =CC14 -> 859 | AN28: =CD14 -> 1261 | AO28: =CB15 -> 0 | AP28: =CC15 -> 0 | AQ28: =CD15 -> 0 | AR28: =CB16 -> 0 | AS28: =CC16 -> 0 | AT28: =CD16 -> 0 | AU28: =CB17 -> 0 | AV28: =CC17 -> 0 | AW28: =CD17 -> 0 | AX28: =CB18 -> 0 | AY28: =CC18 -> 0 | AZ28: =CD18 -> 0 | BA28: =CB19 -> 387 | BB28: =CC19 -> 387 | BC28: =CD19 -> 387 | BD28: =CB20 -> 0 | BE28: =CC20 -> 0 | BF28: =CD20 -> 0 | BG28: =CB21 -> 693 | BH28: =CC21 -> 723 | BI28: =CD21 -> 749 | BJ28: =CB22 -> 732 | BK28: =CC22 -> 1353 | BL28: =CD22 -> 1755 | BM28: =CB23 -> 0 | BN28: =CC23 -> 0 | BO28: =CD23 -> 0 | BP28: =CB24 -> 0 | BQ28: =CC24 -> 0 | BR28: =CD24 -> 0 | BS28: =CB25 -> 0 | BT28: =CC25 -> 0 | BU28: =CD25 -> 0 | BV28: =CB26 -> 715 | BW28: =CC26 -> 738 | BX28: =CD26 -> 775 | BY28: =CB27 -> 0 | BZ28: =CC27 -> 0 | CA28: =CD27 -> 0 | CB28: 0 | CC28: 0 | CD28: 0 | CE28: 11 | CF28: 9 | CG28: 5 | CH28: 1327 | CI28: 1355 | CJ28: 1384 | CK28: 328 | CL28: 355 | CM28: 384 | CN28: 469 | CO28: 494 | CP28: 524 | CQ28: 0 | CR28: 0 | CS28: 0 | CT28: 901 | CU28: 930 | CV28: 961 | CW28: 1831 | CX28: 1853 | CY28: 1885 | CZ28: 2379 | DA28: 2398 | DB28: 2429 | DC28: 1802 | DD28: 1823 | DE28: 1856 | DF28: 2617 | DG28: 2636 | DH28: 2668 | DI28: 2560 | DJ28: 2578 | DK28: 2617 | DL28: 1816 | DM28: 1836 | DN28: 1868
A29: FALMOUTH | B29: =CE2 -> 3 | C29: =CF2 -> 24 | D29: =CG2 -> 647 | E29: =CE3 -> 375 | F29: =CF3 -> 394 | G29: =CG3 -> 408 | H29: =CE4 -> 4 | I29: =CF4 -> 12 | J29: =CG4 -> 11 | K29: =CE5 -> 1261 | L29: =CF5 -> 1266 | M29: =CG5 -> 1282 | N29: =CE6 -> 332 | O29: =CF6 -> 339 | P29: =CG6 -> 348 | Q29: =CE7 -> 3 | R29: =CF7 -> 18 | S29: =CG7 -> 9 | T29: =CE8 -> 3 | U29: =CF8 -> 12 | V29: =CG8 -> 9 | W29: =CE9 -> 3 | X29: =CF9 -> 17 | Y29: =CG9 -> 25 | Z29: =CE10 -> 12 | AA29: =CF10 -> 3 | AB29: =CG10 -> 7 | AC29: =CE11 -> 1015 | AD29: =CF11 -> 1025 | AE29: =CG11 -> 1037 | AF29: =CE12 -> 937 | AG29: =CF12 -> 941 | AH29: =CG12 -> 0 | AI29: =CE13 -> 278 | AJ29: =CF13 -> 298 | AK29: =CG13 -> 328 | AL29: =CE14 -> 214 | AM29: =CF14 -> 242 | AN29: =CG14 -> 264 | AO29: =CE15 -> 3 | AP29: =CF15 -> 5 | AQ29: =CG15 -> 8 | AR29: =CE16 -> 4 | AS29: =CF16 -> 7 | AT29: =CG16 -> 12 | AU29: =CE17 -> 8 | AV29: =CF17 -> 6 | AW29: =CG17 -> 22 | AX29: =CE18 -> 8 | AY29: =CF18 -> 5 | AZ29: =CG18 -> 22 | BA29: =CE19 -> 389 | BB29: =CF19 -> 1122 | BC29: =CG19 -> 1361 | BD29: =CE20 -> 4 | BE29: =CF20 -> 647 | BF29: =CG20 -> 1048 | BG29: =CE21 -> 752 | BH29: =CF21 -> 761 | BI29: =CG21 -> 775 | BJ29: =CE22 -> 770 | BK29: =CF22 -> 778 | BL29: =CG22 -> 787 | BM29: =CE23 -> 3 | BN29: =CF23 -> 646 | BO29: =CG23 -> 1048 | BP29: =CE24 -> 4 | BQ29: =CF24 -> 647 | BR29: =CG24 -> 1048 | BS29: =CE25 -> 6 | BT29: =CF25 -> 16 | BU29: =CG25 -> 4 | BV29: =CE26 -> 774 | BW29: =CF26 -> 784 | BX29: =CG26 -> 797 | BY29: =CE27 -> 5 | BZ29: =CF27 -> 3 | CA29: =CG27 -> 21 | CB29: =CE28 -> 11 | CC29: =CF28 -> 9 | CD29: =CG28 -> 5 | CE29: 0 | CF29: 0 | CG29: 0 | CH29: 1386 | CI29: 1398 | CJ29: 1409 | CK29: 358 | CL29: 382 | CM29: 409 | CN29: 523 | CO29: 532 | CP29: 546 | CQ29: 13 | CR29: 4 | CS29: 9 | CT29: 960 | CU29: 967 | CV29: 984 | CW29: 1885 | CX29: 1895 | CY29: 1908 | CZ29: 2430 | DA29: 2437 | DB29: 2453 | DC29: 1855 | DD29: 1863 | DE29: 1878 | DF29: 2669 | DG29: 2674 | DH29: 2691 | DI29: 2616 | DJ29: 2624 | DK29: 2639 | DL29: 1869 | DM29: 1875 | DN29: 1891
A30: LAS PALMAS | B30: =CH2 -> 1326 | C30: =CI2 -> 1387 | D30: =CJ2 -> 1945 | E30: =CH3 -> 1267 | F30: =CI3 -> 1270 | G30: =CJ3 -> 1275 | H30: =CH4 -> 1359 | I30: =CI4 -> 1359 | J30: =CJ4 -> 1387 | K30: =CH5 -> 952 | L30: =CI5 -> 952 | M30: =CJ5 -> 952 | N30: =CH6 -> 1644 | O30: =CI6 -> 1644 | P30: =CJ6 -> 1644 | Q30: =CH7 -> 1326 | R30: =CI7 -> 1356 | S30: =CJ7 -> 1388 | T30: =CH8 -> 1326 | U30: =CI8 -> 1355 | V30: =CJ8 -> 1388 | W30: =CH9 -> 1326 | X30: =CI9 -> 1353 | Y30: =CJ9 -> 1387 | Z30: =CH10 -> 1326 | AA30: =CI10 -> 1355 | AB30: =CJ10 -> 1387 | AC30: =CH11 -> 706 | AD30: =CI11 -> 706 | AE30: =CJ11 -> 706 | AF30: =CH12 -> 697 | AG30: =CI12 -> 697 | AH30: =CJ12 -> 697 | AI30: =CH13 -> 1345 | AJ30: =CI13 -> 1345 | AK30: =CJ13 -> 1345 | AL30: =CH14 -> 1345 | AM30: =CI14 -> 1345 | AN30: =CJ14 -> 1345 | AO30: =CH15 -> 1326 | AP30: =CI15 -> 1353 | AQ30: =CJ15 -> 1387 | AR30: =CH16 -> 1327 | AS30: =CI16 -> 1354 | AT30: =CJ16 -> 1386 | AU30: =CH17 -> 1327 | AV30: =CI17 -> 1356 | AW30: =CJ17 -> 1387 | AX30: =CH18 -> 1327 | AY30: =CI18 -> 1354 | AZ30: =CJ18 -> 1387 | BA30: =CH19 -> 2422 | BB30: =CI19 -> 2527 | BC30: =CJ19 -> 2646 | BD30: =CH20 -> 1329 | BE30: =CI20 -> 1944 | BF30: =CJ20 -> 2333 | BG30: =CH21 -> 712 | BH30: =CI21 -> 712 | BI30: =CJ21 -> 712 | BJ30: =CH22 -> 706 | BK30: =CI22 -> 706 | BL30: =CJ22 -> 706 | BM30: =CH23 -> 1327 | BN30: =CI23 -> 1944 | BO30: =CJ23 -> 2333 | BP30: =CH24 -> 1327 | BQ30: =CI24 -> 1944 | BR30: =CJ24 -> 2333 | BS30: =CH25 -> 1379 | BT30: =CI25 -> 1944 | BU30: =CJ25 -> 2333 | BV30: =CH26 -> 676 | BW30: =CI26 -> 676 | BX30: =CJ26 -> 676 | BY30: =CH27 -> 1327 | BZ30: =CI27 -> 1354 | CA30: =CJ27 -> 1386 | CB30: =CH28 -> 1327 | CC30: =CI28 -> 1355 | CD30: =CJ28 -> 1384 | CE30: =CH29 -> 1386 | CF30: =CI29 -> 1398 | CG30: =CJ29 -> 1409 | CH30: 0 | CI30: 0 | CJ30: 0 | CK30: 1226 | CL30: 1226 | CM30: 1226 | CN30: 915 | CO30: 915 | CP30: 915 | CQ30: 1905 | CR30: 1356 | CS30: 1387 | CT30: 684 | CU30: 684 | CV30: 684 | CW30: 1576 | CX30: 1576 | CY30: 1576 | CZ30: 2129 | DA30: 2129 | DB30: 2129 | DC30: 3022 | DD30: 3022 | DE30: 3022 | DF30: 2359 | DG30: 2359 | DH30: 2359 | DI30: 2307 | DJ30: 2307 | DK30: 2307 | DL30: 1560 | DM30: 1560 | DN30: 1560
A31: SANTANDER | B31: =CK2 -> 320 | C31: =CL2 -> 388 | D31: =CM2 -> 1004 | E31: =CK3 -> 69 | F31: =CL3 -> 70 | G31: =CM3 -> 71 | H31: =CK4 -> 320 | I31: =CL4 -> 356 | J31: =CM4 -> 387 | K31: =CK5 -> 1101 | L31: =CL5 -> 1101 | M31: =CM5 -> 1101 | N31: =CK6 -> 688 | O31: =CL6 -> 688 | P31: =CM6 -> 688 | Q31: =CK7 -> 320 | R31: =CL7 -> 353 | S31: =CM7 -> 387 | T31: =CK8 -> 320 | U31: =CL8 -> 355 | V31: =CM8 -> 387 | W31: =CK9 -> 320 | X31: =CL9 -> 349 | Y31: =CM9 -> 391 | Z31: =CK10 -> 320 | AA31: =CL10 -> 351 | AB31: =CM10 -> 389 | AC31: =CK11 -> 855 | AD31: =CL11 -> 855 | AE31: =CM11 -> 855 | AF31: =CK12 -> 778 | AG31: =CL12 -> 778 | AH31: =CM12 -> 778 | AI31: =CK13 -> 200 | AJ31: =CL13 -> 200 | AK31: =CM13 -> 200 | AL31: =CK14 -> 243 | AM31: =CL14 -> 243 | AN31: =CM14 -> 243 | AO31: =CK15 -> 320 | AP31: =CL15 -> 350 | AQ31: =CM15 -> 387 | AR31: =CK16 -> 320 | AS31: =CL16 -> 348 | AT31: =CM16 -> 386 | AU31: =CK17 -> 320 | AV31: =CL17 -> 350 | AW31: =CM17 -> 387 | AX31: =CK18 -> 320 | AY31: =CL18 -> 349 | AZ31: =CM18 -> 386 | BA31: =CK19 -> 706 | BB31: =CL19 -> 1469 | BC31: =CM19 -> 1720 | BD31: =CK20 -> 371 | BE31: =CL20 -> 1003 | BF31: =CM20 -> 1405 | BG31: =CK21 -> 593 | BH31: =CL21 -> 593 | BI31: =CM21 -> 593 | BJ31: =CK22 -> 605 | BK31: =CL22 -> 605 | BL31: =CM22 -> 605 | BM31: =CK23 -> 321 | BN31: =CL23 -> 1003 | BO31: =CM23 -> 1405 | BP31: =CK24 -> 347 | BQ31: =CL24 -> 1004 | BR31: =CM24 -> 1405 | BS31: =CK25 -> 348 | BT31: =CL25 -> 1004 | BU31: =CM25 -> 1405 | BV31: =CK26 -> 614 | BW31: =CL26 -> 614 | BX31: =CM26 -> 614 | BY31: =CK27 -> 325 | BZ31: =CL27 -> 347 | CA31: =CM27 -> 367 | CB31: =CK28 -> 328 | CC31: =CL28 -> 355 | CD31: =CM28 -> 384 | CE31: =CK29 -> 358 | CF31: =CL29 -> 382 | CG31: =CM29 -> 409 | CH31: =CK30 -> 1226 | CI31: =CL30 -> 1226 | CJ31: =CM30 -> 1226 | CK31: 0 | CL31: 0 | CM31: 0 | CN31: 364 | CO31: 364 | CP31: 364 | CQ31: 320 | CR31: 345 | CS31: 386 | CT31: 801 | CU31: 801 | CV31: 801 | CW31: 1726 | CX31: 1726 | CY31: 1726 | CZ31: 2271 | DA31: 2271 | DB31: 2271 | DC31: 1696 | DD31: 1696 | DE31: 1696 | DF31: 2509 | DG31: 2509 | DH31: 2509 | DI31: 2457 | DJ31: 2457 | DK31: 2457 | DL31: 1709 | DM31: 1709 | DN31: 1709
A32: VIGO | B32: =CN2 -> 464 | C32: =CO2 -> 525 | D32: =CP2 -> 1113 | E32: =CN3 -> 405 | F32: =CO3 -> 408 | G32: =CP3 -> 410 | H32: =CN4 -> 465 | I32: =CO4 -> 496 | J32: =CP4 -> 525 | K32: =CN5 -> 783 | L32: =CO5 -> 783 | M32: =CP5 -> 783 | N32: =CN6 -> 804 | O32: =CO6 -> 804 | P32: =CP6 -> 804 | Q32: =CN7 -> 464 | R32: =CO7 -> 498 | S32: =CP7 -> 525 | T32: =CN8 -> 464 | U32: =CO8 -> 392 | V32: =CP8 -> 526 | W32: =CN9 -> 464 | X32: =CO9 -> 491 | Y32: =CP9 -> 526 | Z32: =CN10 -> 464 | AA32: =CO10 -> 491 | AB32: =CP10 -> 525 | AC32: =CN11 -> 537 | AD32: =CO11 -> 537 | AE32: =CP11 -> 537 | AF32: =CN12 -> 459 | AG32: =CO12 -> 459 | AH32: =CP12 -> 459 | AI32: =CN13 -> 483 | AJ32: =CO13 -> 483 | AK32: =CP13 -> 483 | AL32: =CN14 -> 482 | AM32: =CO14 -> 482 | AN32: =CP14 -> 482 | AO32: =CN15 -> 464 | AP32: =CO15 -> 494 | AQ32: =CP15 -> 524 | AR32: =CN16 -> 465 | AS32: =CO16 -> 489 | AT32: =CP16 -> 524 | AU32: =CN17 -> 465 | AV32: =CO17 -> 492 | AW32: =CP17 -> 524 | AX32: =CN18 -> 465 | AY32: =CO18 -> 492 | AZ32: =CP18 -> 523 | BA32: =CN19 -> 1590 | BB32: =CO19 -> 1681 | BC32: =CP19 -> 1813 | BD32: =CN20 -> 497 | BE32: =CO20 -> 1112 | BF32: =CP20 -> 1501 | BG32: =CN21 -> 274 | BH32: =CO21 -> 274 | BI32: =CP21 -> 274 | BJ32: =CN22 -> 286 | BK32: =CO22 -> 286 | BL32: =CP22 -> 286 | BM32: =CN23 -> 465 | BN32: =CO23 -> 1123 | BO32: =CP23 -> 1502 | BP32: =CN24 -> 490 | BQ32: =CO24 -> 1113 | BR32: =CP24 -> 1501 | BS32: =CN25 -> 484 | BT32: =CO25 -> 1112 | BU32: =CP25 -> 1454 | BV32: =CN26 -> 296 | BW32: =CO26 -> 296 | BX32: =CP26 -> 296 | BY32: =CN27 -> 466 | BZ32: =CO27 -> 485 | CA32: =CP27 -> 523 | CB32: =CN28 -> 469 | CC32: =CO28 -> 494 | CD32: =CP28 -> 524 | CE32: =CN29 -> 523 | CF32: =CO29 -> 532 | CG32: =CP29 -> 546 | CH32: =CN30 -> 915 | CI32: =CO30 -> 915 | CJ32: =CP30 -> 915 | CK32: =CN31 -> 364 | CL32: =CO31 -> 364 | CM32: =CP31 -> 364 | CN32: 0 | CO32: 0 | CP32: 0 | CQ32: 465 | CR32: 490 | CS32: 524 | CT32: 482 | CU32: 482 | CV32: 482 | CW32: 1407 | CX32: 1407 | CY32: 1407 | CZ32: 1952 | DA32: 1952 | DB32: 1952 | DC32: 1377 | DD32: 1377 | DE32: 1377 | DF32: 2190 | DG32: 2190 | DH32: 2190 | DI32: 2138 | DJ32: 2138 | DK32: 2138 | DL32: 1391 | DM32: 1391 | DN32: 1391
A33: EMDEN | B33: =CQ2 -> 0 | C33: =CR2 -> 0 | D33: =CS2 -> 0 | E33: =CQ3 -> 337 | F33: =CR3 -> 400 | G33: =CS3 -> 1021 | H33: =CQ4 -> 0 | I33: =CR4 -> 0 | J33: =CS4 -> 0 | K33: =CQ5 -> 1202 | L33: =CR5 -> 1231 | M33: =CS5 -> 1261 | N33: =CQ6 -> 337 | O33: =CR6 -> 328 | P33: =CS6 -> 442 | Q33: =CQ7 -> 0 | R33: =CR7 -> 0 | S33: =CS7 -> 0 | T33: =CQ8 -> 0 | U33: =CR8 -> 0 | V33: =CS8 -> 0 | W33: =CQ9 -> 0 | X33: =CR9 -> 0 | Y33: =CS9 -> 0 | Z33: =CQ10 -> 0 | AA33: =CR10 -> 0 | AB33: =CS10 -> 0 | AC33: =CQ11 -> 776 | AD33: =CR11 -> 981 | AE33: =CS11 -> 1016 | AF33: =CQ12 -> 878 | AG33: =CR12 -> 939 | AH33: =CS12 -> 1505 | AI33: =CQ13 -> 240 | AJ33: =CR13 -> 306 | AK33: =CS13 -> 924 | AL33: =CQ14 -> 176 | AM33: =CR14 -> 200 | AN33: =CS14 -> 242 | AO33: =CQ15 -> 0 | AP33: =CR15 -> 0 | AQ33: =CS15 -> 0 | AR33: =CQ16 -> 0 | AS33: =CR16 -> 0 | AT33: =CS16 -> 0 | AU33: =CQ17 -> 0 | AV33: =CR17 -> 0 | AW33: =CS17 -> 0 | AX33: =CQ18 -> 0 | AY33: =CR18 -> 0 | AZ33: =CS18 -> 0 | BA33: =CQ19 -> 386 | BB33: =CR19 -> 386 | BC33: =CS19 -> 386 | BD33: =CQ20 -> 0 | BE33: =CR20 -> 0 | BF33: =CS20 -> 0 | BG33: =CQ21 -> 694 | BH33: =CR21 -> 719 | BI33: =CS21 -> 751 | BJ33: =CQ22 -> 706 | BK33: =CR22 -> 765 | BL33: =CS22 -> 1352 | BM33: =CQ23 -> 0 | BN33: =CR23 -> 0 | BO33: =CS23 -> 0 | BP33: =CQ24 -> 0 | BQ33: =CR24 -> 0 | BR33: =CS24 -> 0 | BS33: =CQ25 -> 0 | BT33: =CR25 -> 0 | BU33: =CS25 -> 0 | BV33: =CQ26 -> 715 | BW33: =CR26 -> 734 | BX33: =CS26 -> 769 | BY33: =CQ27 -> 0 | BZ33: =CR27 -> 0 | CA33: =CS27 -> 0 | CB33: =CQ28 -> 0 | CC33: =CR28 -> 0 | CD33: =CS28 -> 0 | CE33: =CQ29 -> 13 | CF33: =CR29 -> 4 | CG33: =CS29 -> 9 | CH33: =CQ30 -> 1905 | CI33: =CR30 -> 1356 | CJ33: =CS30 -> 1387 | CK33: =CQ31 -> 320 | CL33: =CR31 -> 345 | CM33: =CS31 -> 386 | CN33: =CQ32 -> 465 | CO33: =CR32 -> 490 | CP33: =CS32 -> 524 | CQ33: 0 | CR33: 0 | CS33: 0 | CT33: 902 | CU33: 933 | CV33: 508 | CW33: 1826 | CX33: 1848 | CY33: 1883 | CZ33: 2378 | DA33: 2397 | DB33: 2430 | DC33: 1800 | DD33: 1816 | DE33: 1852 | DF33: 2617 | DG33: 2639 | DH33: 2669 | DI33: 2561 | DJ33: 2586 | DK33: 2615 | DL33: 1816 | DM33: 1838 | DN33: 1867
A34: CADIZ | B34: =CU2 -> 962 | C34: =CV2 -> 1548 | D34: =CV2 -> 1548 | E34: =CT3 -> 842 | F34: =CU3 -> 845 | G34: =CV3 -> 848 | H34: =CT4 -> 631 | I34: =CU4 -> 933 | J34: =CV4 -> 962 | K34: =CT5 -> 332 | L34: =CU5 -> 332 | M34: =CV5 -> 332 | N34: =CT6 -> 1240 | O34: =CU6 -> 1240 | P34: =CV6 -> 1240 | Q34: =CT7 -> 901 | R34: =CU7 -> 929 | S34: =CV7 -> 962 | T34: =CT8 -> 901 | U34: =CU8 -> 930 | V34: =CV8 -> 962 | W34: =CT9 -> 1083 | X34: =CU9 -> 930 | Y34: =CV9 -> 961 | Z34: =CT10 -> 701 | AA34: =CU10 -> 930 | AB34: =CV10 -> 962 | AC34: =CT11 -> 86 | AD34: =CU11 -> 86 | AE34: =CV11 -> 86 | AF34: =CT12 -> 74 | AG34: =CU12 -> 74 | AH34: =CV12 -> 74 | AI34: =CT13 -> 920 | AJ34: =CU13 -> 920 | AK34: =CV13 -> 920 | AL34: =CT14 -> 919 | AM34: =CU14 -> 919 | AN34: =CV14 -> 919 | AO34: =CT15 -> 901 | AP34: =CU15 -> 929 | AQ34: =CV15 -> 961 | AR34: =CT16 -> 902 | AS34: =CU16 -> 929 | AT34: =CV16 -> 961 | AU34: =CT17 -> 902 | AV34: =CU17 -> 930 | AW34: =CV17 -> 961 | AX34: =CT18 -> 902 | AY34: =CU18 -> 931 | AZ34: =CV18 -> 961 | BA34: =CT19 -> 2036 | BB34: =CU19 -> 2126 | BC34: =CV19 -> 2249 | BD34: =CT20 -> 929 | BE34: =CU20 -> 1574 | BF34: =CV20 -> 1937 | BG34: =CT21 -> 260 | BH34: =CU21 -> 260 | BI34: =CV21 -> 260 | BJ34: =CT22 -> 249 | BK34: =CU22 -> 249 | BL34: =CV22 -> 249 | BM34: =CT23 -> 940 | BN34: =CU23 -> 1548 | BO34: =CV23 -> 1937 | BP34: =CT24 -> 927 | BQ34: =CU24 -> 1548 | BR34: =CV24 -> 1937 | BS34: =CT25 -> 925 | BT34: =CU25 -> 1548 | BU34: =CV25 -> 1937 | BV34: =CT26 -> 211 | BW34: =CU26 -> 211 | BX34: =CV26 -> 211 | BY34: =CT27 -> 906 | BZ34: =CU27 -> 931 | CA34: =CV27 -> 777 | CB34: =CT28 -> 901 | CC34: =CU28 -> 930 | CD34: =CV28 -> 961 | CE34: =CT29 -> 960 | CF34: =CU29 -> 967 | CG34: =CV29 -> 984 | CH34: =CT30 -> 684 | CI34: =CU30 -> 684 | CJ34: =CV30 -> 684 | CK34: =CT31 -> 801 | CL34: =CU31 -> 801 | CM34: =CV31 -> 801 | CN34: =CT32 -> 482 | CO34: =CU32 -> 482 | CP34: =CV32 -> 482 | CQ34: =CT33 -> 902 | CR34: =CU33 -> 933 | CS34: =CV33 -> 508 | CT34: 0 | CU34: 0 | CV34: 0 | CW34: 956 | CX34: 956 | CY34: 956 | CZ34: 1502 | DA34: 1502 | DB34: 1502 | DC34: 926 | DD34: 926 | DE34: 926 | DF34: 1740 | DG34: 1740 | DH34: 1740 | DI34: 1689 | DJ34: 1688 | DK34: 1688 | DL34: 940 | DM34: 940 | DN34: 940
A35: LA SPEZIA | B35: =CW2 -> 1826 | C35: 1886 | D35: =CY2 -> 2473 | E35: =CW3 -> 1766 | F35: =CX3 -> 1768 | G35: =CY3 -> 1770 | H35: =CW4 -> 1826 | I35: =CX4 -> 1860 | J35: =CY4 -> 1887 | K35: =CW5 -> 657 | L35: =CX5 -> 657 | M35: =CY5 -> 657 | N35: =CW6 -> 2165 | O35: =CX6 -> 2165 | P35: =CY6 -> 2165 | Q35: =CW7 -> 1826 | R35: =CX7 -> 1858 | S35: =CY7 -> 1887 | T35: =CW8 -> 1826 | U35: =CX8 -> 1855 | V35: =CY8 -> 1887 | W35: =CW9 -> 1826 | X35: =CX9 -> 1854 | Y35: =CY9 -> 1886 | Z35: =CW10 -> 1826 | AA35: =CX10 -> 1857 | AB35: =CY10 -> 1887 | AC35: =CW11 -> 885 | AD35: =CX11 -> 885 | AE35: =CY11 -> 885 | AF35: =CW12 -> 1004 | AG35: =CX12 -> 1004 | AH35: =CY12 -> 1004 | AI35: =CW13 -> 1845 | AJ35: =CX13 -> 1845 | AK35: =CY13 -> 1845 | AL35: =CW14 -> 1844 | AM35: =CX14 -> 1844 | AN35: =CY14 -> 1844 | AO35: =CW15 -> 1826 | AP35: =CX15 -> 1852 | AQ35: =CY15 -> 1886 | AR35: =CW16 -> 1826 | AS35: =CX16 -> 1853 | AT35: =CY16 -> 1886 | AU35: =CW17 -> 1826 | AV35: =CX17 -> 1854 | AW35: =CY17 -> 1886 | AX35: =CW18 -> 1827 | AY35: =CX18 -> 1856 | AZ35: =CY18 -> 1886 | BA35: =CW19 -> 2212 | BB35: =CX19 -> 2891 | BC35: =CY19 -> 3174 | BD35: =CW20 -> 1864 | BE35: =CX20 -> 2505 | BF35: =CY20 -> 2862 | BG35: =CW21 -> 1184 | BH35: =CX21 -> 1184 | BI35: =CY21 -> 1184 | BJ35: =CW22 -> 1174 | BK35: =CX22 -> 1174 | BL35: =CY22 -> 1174 | BM35: =CW23 -> 1848 | BN35: =CX23 -> 2502 | BO35: =CY23 -> 2862 | BP35: =CW24 -> 1845 | BQ35: =CX24 -> 2473 | BR35: =CY24 -> 2962 | BS35: =CW25 -> 1826 | BT35: =CX25 -> 1851 | BU35: =CY25 -> 1886 | BV35: =CW26 -> 1136 | BW35: =CX26 -> 1136 | BX35: =CY26 -> 1136 | BY35: =CW27 -> 1834 | BZ35: =CX27 -> 1865 | CA35: =CY27 -> 1884 | CB35: =CW28 -> 1831 | CC35: =CX28 -> 1853 | CD35: =CY28 -> 1885 | CE35: =CW29 -> 1885 | CF35: =CX29 -> 1895 | CG35: =CY29 -> 1908 | CH35: =CW30 -> 1576 | CI35: =CX30 -> 1576 | CJ35: =CY30 -> 1576 | CK35: =CW31 -> 1726 | CL35: =CX31 -> 1726 | CM35: =CY31 -> 1726 | CN35: =CW32 -> 1407 | CO35: =CX32 -> 1407 | CP35: =CY32 -> 1407 | CQ35: =CW33 -> 1826 | CR35: =CX33 -> 1848 | CS35: =CY33 -> 1883 | CT35: =CW34 -> 956 | CU35: =CX34 -> 956 | CV35: =CY34 -> 956 | CW35: 0 | CX35: 0 | CY35: 0 | CZ35: 873 | DA35: 873 | DB35: 873 | DC35: 69 | DD35: 69 | DE35: 69 | DF35: 1104 | DG35: 1104 | DH35: 1104 | DI35: 1052 | DJ35: 1052 | DK35: 1052 | DL35: 63 | DM35: 63 | DN35: 63
A36: THISVI | B36: =CZ2 -> 2365 | C36: =DA2 -> 2426 | D36: =DB2 -> 3012 | E36: =CZ3 -> 2312 | F36: =DA3 -> 2315 | G36: =DB3 -> 2318 | H36: =CZ4 -> 2371 | I36: =DA4 -> 2405 | J36: =DB4 -> 2432 | K36: =CZ5 -> 1213 | L36: =DA5 -> 1213 | M36: =DB5 -> 1213 | N36: =CZ6 -> 2710 | O36: =DA6 -> 2710 | P36: =DB6 -> 2710 | Q36: =CZ7 -> 2371 | R36: =DA7 -> 2403 | S36: =DB7 -> 2432 | T36: =CZ8 -> 2371 | U36: =DA8 -> 2399 | V36: =DB8 -> 2432 | W36: =CZ9 -> 2371 | X36: =DA9 -> 2401 | Y36: =DB9 -> 2431 | Z36: =CZ10 -> 2371 | AA36: =DA10 -> 2398 | AB36: =DB10 -> 2430 | AC36: =CZ11 -> 1431 | AD36: =DA11 -> 1431 | AE36: =DB11 -> 1431 | AF36: =CZ12 -> 1549 | AG36: =DA12 -> 1549 | AH36: =DB12 -> 1549 | AI36: =CZ13 -> 2390 | AJ36: =DA13 -> 2390 | AK36: =DB13 -> 2390 | AL36: =CZ14 -> 2389 | AM36: =DA14 -> 2389 | AN36: =DB14 -> 2389 | AO36: =CZ15 -> 2371 | AP36: =DA15 -> 2399 | AQ36: =DB15 -> 2432 | AR36: =CZ16 -> 2372 | AS36: =DA16 -> 2399 | AT36: =DB16 -> 2431 | AU36: =CZ17 -> 2372 | AV36: =DA17 -> 2402 | AW36: =DB17 -> 2431 | AX36: =CZ18 -> 2372 | AY36: =DA18 -> 2397 | AZ36: =DB18 -> 2431 | BA36: =CZ19 -> 3496 | BB36: =DA19 -> 3606 | BC36: =DB19 -> 3719 | BD36: =CZ20 -> 2419 | BE36: =DA20 -> 3033 | BF36: =DB20 -> 3407 | BG36: =CZ21 -> 1730 | BH36: =DA21 -> 1730 | BI36: =DB21 -> 1730 | BJ36: =CZ22 -> 1719 | BK36: =DA22 -> 1719 | BL36: =DB22 -> 1719 | BM36: =CZ23 -> 2372 | BN36: =DA23 -> 3043 | BO36: =DB23 -> 3407 | BP36: =CZ24 -> 2387 | BQ36: =DA24 -> 3018 | BR36: =DB24 -> 3407 | BS36: =CZ25 -> 2372 | BT36: =DA25 -> 2399 | BU36: =DB25 -> 2431 | BV36: =CZ26 -> 1681 | BW36: =DA26 -> 1681 | BX36: =DB26 -> 1681 | BY36: =CZ27 -> 2375 | BZ36: =DA27 -> 2387 | CA36: =DB27 -> 2425 | CB36: =CZ28 -> 2379 | CC36: =DA28 -> 2398 | CD36: =DB28 -> 2429 | CE36: =CZ29 -> 2430 | CF36: =DA29 -> 2437 | CG36: =DB29 -> 2453 | CH36: =CZ30 -> 2129 | CI36: =DA30 -> 2129 | CJ36: =DB30 -> 2129 | CK36: =CZ31 -> 2271 | CL36: =DA31 -> 2271 | CM36: =DB31 -> 2271 | CN36: =CZ32 -> 1952 | CO36: =DA32 -> 1952 | CP36: =DB32 -> 1952 | CQ36: =CZ33 -> 2378 | CR36: =DA33 -> 2397 | CS36: =DB33 -> 2430 | CT36: =CZ34 -> 1502 | CU36: =DA34 -> 1502 | CV36: =DB34 -> 1502 | CW36: =CZ35 -> 873 | CX36: =DA35 -> 873 | CY36: =DB35 -> 873 | CZ36: 0 | DA36: 0 | DB36: 0 | DC36: 894 | DD36: 894 | DE36: 894 | DF36: 649 | DG36: 649 | DH36: 649 | DI36: 597 | DJ36: 597 | DK36: 597 | DL36: 893 | DM36: 893 | DN36: 893
A37: VADO LIGURE | B37: =DC2 -> 1796 | C37: =DD2 -> 1856 | D37: =DE2 -> 2443 | E37: =DC3 -> 1736 | F37: =DD3 -> 1738 | G37: =DE3 -> 1740 | H37: =DC4 -> 1796 | I37: =DD4 -> 1830 | J37: =DE4 -> 1857 | K37: =DC5 -> 627 | L37: =DD5 -> 627 | M37: =DE5 -> 627 | N37: =DC6 -> 2135 | O37: =DD6 -> 2135 | P37: =DE6 -> 2135 | Q37: =DC7 -> 1796 | R37: =DD7 -> 1829 | S37: =DE7 -> 1857 | T37: =DC8 -> 1796 | U37: =DD8 -> 1825 | V37: =DE8 -> 1857 | W37: =DC9 -> 1796 | X37: =DD9 -> 1824 | Y37: =DE9 -> 1857 | Z37: =DC10 -> 1796 | AA37: =DD10 -> 1821 | AB37: =DE10 -> 1857 | AC37: =DC11 -> 855 | AD37: =DD11 -> 855 | AE37: =DE11 -> 855 | AF37: =DC12 -> 974 | AG37: =DD12 -> 974 | AH37: =DE12 -> 974 | AI37: =DC13 -> 1815 | AJ37: =DD13 -> 1815 | AK37: =DE13 -> 1815 | AL37: =DC14 -> 1814 | AM37: =DD14 -> 1814 | AN37: =DE14 -> 1814 | AO37: =DC15 -> 1796 | AP37: =DD15 -> 1824 | AQ37: =DE15 -> 1853 | AR37: =DC16 -> 1796 | AS37: =DD16 -> 1823 | AT37: =DE16 -> 1856 | AU37: =DC17 -> 1836 | AV37: =DD17 -> 1828 | AW37: =DE17 -> 1856 | AX37: =DC18 -> 1346 | AY37: =DD18 -> 1816 | AZ37: =DE18 -> 1852 | BA37: =DC19 -> 2184 | BB37: =DD19 -> 2860 | BC37: =DE19 -> 3144 | BD37: =DC20 -> 1855 | BE37: =DD20 -> 2433 | BF37: =DE20 -> 2832 | BG37: =DC21 -> 1154 | BH37: =DD21 -> 1154 | BI37: =DE21 -> 1154 | BJ37: =DC22 -> 1144 | BK37: =DD22 -> 1144 | BL37: =DE22 -> 1144 | BM37: =DC23 -> 1816 | BN37: =DD23 -> 2442 | BO37: =DE23 -> 2832 | BP37: =DC24 -> 1810 | BQ37: =DD24 -> 2433 | BR37: =DE24 -> 2832 | BS37: =DC25 -> 1796 | BT37: =DD25 -> 1821 | BU37: =DE25 -> 1856 | BV37: =DC26 -> 1106 | BW37: =DD26 -> 1106 | BX37: =DE26 -> 1106 | BY37: =DC27 -> 1800 | BZ37: =DD27 -> 1821 | CA37: =DE27 -> 1849 | CB37: =DC28 -> 1802 | CC37: =DD28 -> 1823 | CD37: =DE28 -> 1856 | CE37: =DC29 -> 1855 | CF37: =DD29 -> 1863 | CG37: =DE29 -> 1878 | CH37: =DC30 -> 3022 | CI37: =DD30 -> 3022 | CJ37: =DE30 -> 3022 | CK37: =DC31 -> 1696 | CL37: =DD31 -> 1696 | CM37: =DE31 -> 1696 | CN37: =DC32 -> 1377 | CO37: =DD32 -> 1377 | CP37: =DE32 -> 1377 | CQ37: =DC33 -> 1800 | CR37: =DD33 -> 1816 | CS37: =DE33 -> 1852 | CT37: =DC34 -> 926 | CU37: =DD34 -> 926 | CV37: =DE34 -> 926 | CW37: =DC35 -> 69 | CX37: =DD35 -> 69 | CY37: =DE35 -> 69 | CZ37: =DC36 -> 894 | DA37: =DD36 -> 894 | DB37: =DE36 -> 894 | DC37: 0 | DD37: 0 | DE37: 0 | DF37: 1124 | DG37: 1124 | DH37: 1124 | DI37: 1072 | DJ37: 1072 | DK37: 1072 | DL37: 22 | DM37: 22 | DN37: 22
A38: RAVENNA | B38: =DF2 -> 2609 | C38: =DG2 -> 2670 | D38: =DH2 -> 3257 | E38: =DF3 -> 2550 | F38: =DG3 -> 2552 | G38: =DH3 -> 2555 | H38: =DF4 -> 2610 | I38: =DG4 -> 2644 | J38: =DH4 -> 2670 | K38: =DF5 -> 1449 | L38: =DG5 -> 1449 | M38: =DH5 -> 1449 | N38: =DF6 -> 2948 | O38: =DG6 -> 2948 | P38: =DH6 -> 2948 | Q38: =DF7 -> 2609 | R38: =DG7 -> 2642 | S38: =DH7 -> 2670 | T38: =DF8 -> 2609 | U38: =DG8 -> 2638 | V38: =DH8 -> 2670 | W38: =DF9 -> 2609 | X38: =DG9 -> 2638 | Y38: =DH9 -> 2670 | Z38: =DF10 -> 2609 | AA38: =DG10 -> 2636 | AB38: =DH10 -> 2670 | AC38: =DF11 -> 1669 | AD38: =DG11 -> 1669 | AE38: =DH11 -> 1669 | AF38: =DF12 -> 1787 | AG38: =DG12 -> 1787 | AH38: =DH12 -> 1787 | AI38: =DF13 -> 2628 | AJ38: =DG13 -> 2628 | AK38: =DH13 -> 2628 | AL38: =DF14 -> 2627 | AM38: =DG14 -> 2627 | AN38: =DH14 -> 2627 | AO38: =DF15 -> 2609 | AP38: =DG15 -> 2637 | AQ38: =DH15 -> 2668 | AR38: =DF16 -> 2610 | AS38: =DG16 -> 2637 | AT38: =DH16 -> 2669 | AU38: =DF17 -> 1856 | AV38: =DG17 -> 2637 | AW38: =DH17 -> 2669 | AX38: =DF18 -> 2616 | AY38: =DG18 -> 2640 | AZ38: =DH18 -> 2666 | BA38: =DF19 -> 2996 | BB38: =DG19 -> 3670 | BC38: =DH19 -> 3959 | BD38: =DF20 -> 2664 | BE38: =DG20 -> 3276 | BF38: =DH20 -> 3645 | BG38: =DF21 -> 1968 | BH38: =DG21 -> 1968 | BI38: =DH21 -> 1968 | BJ38: =DF22 -> 1957 | BK38: =DG22 -> 1957 | BL38: =DH22 -> 1957 | BM38: =DF23 -> 2637 | BN38: =DG23 -> 3284 | BO38: =DH23 -> 3645 | BP38: =DF24 -> 2669 | BQ38: =DG24 -> 3250 | BR38: =DH24 -> 3643 | BS38: =DF25 -> 2610 | BT38: =DG25 -> 2636 | BU38: =DH25 -> 2669 | BV38: =DF26 -> 1919 | BW38: =DG26 -> 1919 | BX38: =DH26 -> 1919 | BY38: =DF27 -> 2616 | BZ38: =DG27 -> 2635 | CA38: =DH27 -> 2661 | CB38: =DF28 -> 2617 | CC38: =DG28 -> 2636 | CD38: =DH28 -> 2668 | CE38: =DF29 -> 2669 | CF38: =DG29 -> 2674 | CG38: =DH29 -> 2691 | CH38: =DF30 -> 2359 | CI38: =DG30 -> 2359 | CJ38: =DH30 -> 2359 | CK38: =DF31 -> 2509 | CL38: =DG31 -> 2509 | CM38: =DH31 -> 2509 | CN38: =DF32 -> 2190 | CO38: =DG32 -> 2190 | CP38: =DH32 -> 2190 | CQ38: =DF33 -> 2617 | CR38: =DG33 -> 2639 | CS38: =DH33 -> 2669 | CT38: =DF34 -> 1740 | CU38: =DG34 -> 1740 | CV38: =DH34 -> 1740 | CW38: =DF35 -> 1104 | CX38: =DG35 -> 1104 | CY38: =DH35 -> 1104 | CZ38: =DF36 -> 649 | DA38: =DG36 -> 649 | DB38: =DH36 -> 649 | DC38: =DF37 -> 1124 | DD38: =DG37 -> 1124 | DE38: =DH37 -> 1124 | DF38: 0 | DG38: 0 | DH38: 0 | DI38: 72 | DJ38: 72 | DK38: 72 | DL38: 1123 | DM38: 1123 | DN38: 1123
A39: ANCONA | B39: =DI2 -> 2557 | C39: =DJ2 -> 2619 | D39: =DK2 -> 3204 | E39: =DI3 -> 2497 | F39: =DJ3 -> 2500 | G39: =DK3 -> 2505 | H39: =DI4 -> 2557 | I39: =DJ4 -> 2591 | J39: =DK4 -> 2618 | K39: =DI5 -> 1396 | L39: =DJ5 -> 1396 | M39: =DK5 -> 1396 | N39: =DI6 -> 2896 | O39: =DJ6 -> 2896 | P39: =DK6 -> 2896 | Q39: =DI7 -> 2557 | R39: =DJ7 -> 2589 | S39: =DK7 -> 2618 | T39: =DI8 -> 2557 | U39: =DJ8 -> 2585 | V39: =DK8 -> 2618 | W39: =DI9 -> 2557 | X39: =DJ9 -> 2585 | Y39: =DK9 -> 2618 | Z39: =DI10 -> 2557 | AA39: =DJ10 -> 2584 | AB39: =DK10 -> 2618 | AC39: =DI11 -> 1616 | AD39: =DJ11 -> 1616 | AE39: =DK11 -> 1616 | AF39: =DI12 -> 1735 | AG39: =DJ12 -> 1735 | AH39: =DK12 -> 1735 | AI39: =DI13 -> 2576 | AJ39: =DJ13 -> 2576 | AK39: =DK13 -> 2576 | AL39: =DI14 -> 2575 | AM39: =DJ14 -> 2575 | AN39: =DK14 -> 2575 | AO39: =DI15 -> 2557 | AP39: =DJ15 -> 2585 | AQ39: =DK15 -> 2618 | AR39: =DI16 -> 2558 | AS39: =DJ16 -> 2583 | AT39: =DK16 -> 2617 | AU39: =DI17 -> 2557 | AV39: =DJ17 -> 2586 | AW39: =DK17 -> 2617 | AX39: =DI18 -> 2562 | AY39: =DJ18 -> 2592 | AZ39: =DK18 -> 2613 | BA39: =DI19 -> 2988 | BB39: =DJ19 -> 3635 | BC39: =DK19 -> 3906 | BD39: =DI20 -> 2600 | BE39: =DJ20 -> 3205 | BF39: =DK20 -> 3593 | BG39: =DI21 -> 1915 | BH39: =DJ21 -> 1915 | BI39: =DK21 -> 1915 | BJ39: =DI22 -> 1905 | BK39: =DJ22 -> 1905 | BL39: =DK22 -> 1905 | BM39: =DI23 -> 2614 | BN39: =DJ23 -> 3229 | BO39: =DK23 -> 3593 | BP39: =DI24 -> 2558 | BQ39: =DJ24 -> 3204 | BR39: =DK24 -> 3593 | BS39: =DI25 -> 2557 | BT39: =DJ25 -> 2589 | BU39: =DK25 -> 2617 | BV39: =DI26 -> 1867 | BW39: =DJ26 -> 1867 | BX39: =DK26 -> 1867 | BY39: =DI27 -> 2557 | BZ39: =DJ27 -> 2583 | CA39: =DK27 -> 2614 | CB39: =DI28 -> 2560 | CC39: =DJ28 -> 2578 | CD39: =DK28 -> 2617 | CE39: =DI29 -> 2616 | CF39: =DJ29 -> 2624 | CG39: =DK29 -> 2639 | CH39: =DI30 -> 2307 | CI39: =DJ30 -> 2307 | CJ39: =DK30 -> 2307 | CK39: =DI31 -> 2457 | CL39: =DJ31 -> 2457 | CM39: =DK31 -> 2457 | CN39: =DI32 -> 2138 | CO39: =DJ32 -> 2138 | CP39: =DK32 -> 2138 | CQ39: =DI33 -> 2561 | CR39: =DJ33 -> 2586 | CS39: =DK33 -> 2615 | CT39: =DI34 -> 1689 | CU39: =DJ34 -> 1688 | CV39: =DK34 -> 1688 | CW39: =DI35 -> 1052 | CX39: =DJ35 -> 1052 | CY39: =DK35 -> 1052 | CZ39: =DI36 -> 597 | DA39: =DJ36 -> 597 | DB39: =DK36 -> 597 | DC39: =DI37 -> 1072 | DD39: =DJ37 -> 1072 | DE39: =DK37 -> 1072 | DF39: =DI38 -> 72 | DG39: =DJ38 -> 72 | DH39: =DK38 -> 72 | DI39: 0 | DJ39: 0 | DK39: 0 | DL39: 1071 | DM39: 1071 | DN39: 1071
A40: GENOA | B40: =DL2 -> 1809 | C40: =DM2 -> 1870 | D40: =DN2 -> 2457 | E40: =DL3 -> 1750 | F40: =DM3 -> 1752 | G40: =DN3 -> 1755 | H40: =DL4 -> 1810 | I40: =DM4 -> 1844 | J40: =DN4 -> 1870 | K40: =DL5 -> 641 | L40: =DM5 -> 641 | M40: =DN5 -> 641 | N40: =DL6 -> 2148 | O40: =DM6 -> 2148 | P40: =DN6 -> 2148 | Q40: =DL7 -> 1809 | R40: =DM7 -> 1841 | S40: =DN7 -> 1870 | T40: =DL8 -> 1809 | U40: =DM8 -> 1837 | V40: =DN8 -> 1870 | W40: =DL9 -> 1809 | X40: =DM9 -> 1938 | Y40: =DN9 -> 1870 | Z40: =DL10 -> 1809 | AA40: =DM10 -> 1838 | AB40: =DN10 -> 1870 | AC40: =DL11 -> 869 | AD40: =DM11 -> 869 | AE40: =DN11 -> 869 | AF40: =DL12 -> 987 | AG40: =DM12 -> 987 | AH40: =DN12 -> 987 | AI40: =DL13 -> 1828 | AJ40: =DM13 -> 1828 | AK40: =DN13 -> 1828 | AL40: =DL14 -> 1828 | AM40: =DM14 -> 1828 | AN40: =DN14 -> 1828 | AO40: =DL15 -> 1809 | AP40: =DM15 -> 1836 | AQ40: =DN15 -> 2179 | AR40: =DL16 -> 1810 | AS40: =DM16 -> 1839 | AT40: =DN16 -> 1870 | AU40: =DL17 -> 1810 | AV40: =DM17 -> 1839 | AW40: =DN17 -> 1869 | AX40: =DL18 -> 1818 | AY40: =DM18 -> 1833 | AZ40: =DN18 -> 1857 | BA40: =DL19 -> 2196 | BB40: =DM19 -> 2868 | BC40: =DN19 -> 3158 | BD40: =DL20 -> 1858 | BE40: =DM20 -> 2458 | BF40: =DN20 -> 2845 | BG40: =DL21 -> 1168 | BH40: =DM21 -> 1168 | BI40: =DN21 -> 1168 | BJ40: =DL22 -> 1157 | BK40: =DM22 -> 1157 | BL40: =DN22 -> 1157 | BM40: =DL23 -> 1851 | BN40: =DM23 -> 2456 | BO40: =DN23 -> 2845 | BP40: =DL24 -> 1853 | BQ40: =DM24 -> 2459 | BR40: =DN24 -> 2845 | BS40: =DL25 -> 1810 | BT40: =DM25 -> 1837 | BU40: =DN25 -> 1869 | BV40: =DL26 -> 1119 | BW40: =DM26 -> 1119 | BX40: =DN26 -> 1119 | BY40: =DL27 -> 1812 | BZ40: =DM27 -> 1842 | CA40: =DN27 -> 1867 | CB40: =DL28 -> 1816 | CC40: =DM28 -> 1836 | CD40: =DN28 -> 1868 | CE40: =DL29 -> 1869 | CF40: =DM29 -> 1875 | CG40: =DN29 -> 1891 | CH40: =DL30 -> 1560 | CI40: =DM30 -> 1560 | CJ40: =DN30 -> 1560 | CK40: =DL31 -> 1709 | CL40: =DM31 -> 1709 | CM40: =DN31 -> 1709 | CN40: =DL32 -> 1391 | CO40: =DM32 -> 1391 | CP40: =DN32 -> 1391 | CQ40: =DL33 -> 1816 | CR40: =DM33 -> 1838 | CS40: =DN33 -> 1867 | CT40: =DL34 -> 940 | CU40: =DM34 -> 940 | CV40: =DN34 -> 940 | CW40: =DL35 -> 63 | CX40: =DM35 -> 63 | CY40: =DN35 -> 63 | CZ40: =DL36 -> 893 | DA40: =DM36 -> 893 | DB40: =DN36 -> 893 | DC40: =DL37 -> 22 | DD40: =DM37 -> 22 | DE40: =DN37 -> 22 | DF40: =DL38 -> 1123 | DG40: =DM38 -> 1123 | DH40: =DN38 -> 1123 | DI40: =DL39 -> 1071 | DJ40: =DM39 -> 1071 | DK40: =DN39 -> 1071 | DL40: 0 | DM40: 0 | DN40: 0

Sheet Small-scale example data
C1: LBPTW meas Lower Bound of Pickup Time Window | F1: UBPTW meas Upper Bound of Delivery Time Window | I1: LBDTW means Lower Bound of Delivery Time Window | M1: UBDTW means Upper Bound of Delivery Time Window
B3: Example Number | C3: Cargo Number | D3: Pickup Port Number | E3: Delivcery Port Number | F3: Cargo Weight | G3: Cargo Revenue | H3: LBPTW | I3: UBPTW | J3: LBDTW | K3: UBDTW | L3: Service Time | M3: Ship Number | N3: Ship Capacity | O3: Home Port
B4: V2_C2_O3 | C4: 0 | D4: 24 | E4: 12 | F4: 4778 | G4: 308431 | H4: 0 | I4: 144 | J4: 0 | K4: 1132 | L4: 24 | M4: 0 | N4: 13200 | O4: 2
C5: 1 | D5: 8 | E5: 5 | F5: 13962 | G5: 509871 | H5: 231 | I5: 375 | J5: 231 | K5: 1054 | L5: 70 | M5: 1 | N5: 16500 | O5: 20
C6: 2 | D6: 6 | E6: 3 | F6: 6850 | G6: 526728 | H6: 0 | I6: 144 | J6: 0 | K6: 842 | L6: 34
C7: 3 | D7: 5 | E7: 0 | F7: 11477 | G7: 416507 | H7: 127 | I7: 271 | J7: 127 | K7: 852 | L7: 57
C8: 4 | D8: 37 | E8: 32 | F8: 6899 | G8: 493380 | H8: 260 | I8: 404 | J8: 260 | K8: 1142 | L8: 34
B10: Example Number | C10: Cargo Number | D10: Pickup Port Number | E10: Delivcery Port Number | F10: Cargo Weight | G10: Cargo Revenue | H10: LBPTW | I10: UBPTW | J10: LBDTW | K10: UBDTW | L10: Service Time | M10: Ship Number | N10: Ship Capacity | O10: Home Port
B11: V2_C2_O5 | C11: 0 | D11: 25 | E11: 24 | F11: 3090 | G11: 403453 | H11: 182 | I11: 254 | J11: 182 | K11: 834 | L11: 15 | M11: 0 | N11: 13200 | O11: 2
C12: 1 | D12: 6 | E12: 11 | F12: 1935 | G12: 333782 | H12: 302 | I12: 374 | J12: 302 | K12: 686 | L12: 10 | M12: 1 | N12: 16500 | O12: 20
C13: 2 | D13: 13 | E13: 23 | F13: 4145 | G13: 352670 | H13: 0 | I13: 72 | J13: 0 | K13: 479 | L13: 21
C14: 3 | D14: 32 | E14: 36 | F14: 2056 | G14: 515613 | H14: 456 | I14: 528 | J14: 456 | K14: 920 | L14: 10
C15: 4 | D15: 33 | E15: 13 | F15: 2618 | G15: 591058 | H15: 409 | I15: 481 | J15: 409 | K15: 960 | L15: 13
C16: 5 | D16: 25 | E16: 21 | F16: 2632 | G16: 624488 | H16: 182 | I16: 254 | J16: 182 | K16: 567 | L16: 13
C17: 6 | D17: 31 | E17: 26 | F17: 4017 | G17: 286847 | H17: 0 | I17: 72 | J17: 0 | K17: 390 | L17: 20
B19: Example Number | C19: Cargo Number | D19: Pickup Port Number | E19: Delivcery Port Number | F19: Cargo Weight | G19: Cargo Revenue | H19: LBPTW | I19: UBPTW | J19: LBDTW | K19: UBDTW | L19: Service Time | M19: Ship Number | N19: Ship Capacity | O19: Home Port
B20: V2_C4_O3 | C20: 0 | D20: 24 | E20: 12 | F20: 2216 | G20: 390478 | H20: 0 | I20: 72 | J20: 0 | K20: 746 | L20: 11 | M20: 0 | N20: 13200 | O20: 2
C21: 1 | D21: 8 | E21: 5 | F21: 4257 | G21: 452346 | H21: 220 | I21: 292 | J21: 220 | K21: 648 | L21: 21 | M21: 1 | N21: 16500 | O21: 20
C22: 2 | D22: 6 | E22: 3 | F22: 2677 | G22: 497869 | H22: 0 | I22: 72 | J22: 0 | K22: 720 | L22: 13
C23: 3 | D23: 5 | E23: 0 | F23: 3705 | G23: 267457 | H23: 92 | I23: 164 | J23: 92 | K23: 480 | L23: 19
C24: 4 | D24: 37 | E24: 32 | F24: 2688 | G24: 563027 | H24: 445 | I24: 517 | J24: 445 | K24: 967 | L24: 13
C25: 5 | D25: 9 | E25: 37 | F25: 4417 | G25: 618293 | H25: 415 | I25: 487 | J25: 415 | K25: 915 | L25: 22
C26: 6 | D26: 25 | E26: 5 | F26: 2380 | G26: 304804 | H26: 150 | I26: 222 | J26: 150 | K26: 533 | L26: 12
B28: Example Number | C28: Cargo Number | D28: Pickup Port Number | E28: Delivcery Port Number | F28: Cargo Weight | G28: Cargo Revenue | H28: LBPTW | I28: UBPTW | J28: LBDTW | K28: UBDTW | L28: Service Time | M28: Ship Number | N28: Ship Capacity | O28: Home Port
B29: V2_C4_O5 | C29: 0 | D29: 24 | E29: 12 | F29: 2216 | G29: 389227 | H29: 278 | I29: 350 | J29: 278 | K29: 988 | L29: 11 | M29: 0 | N29: 13200 | O29: 2
C30: 1 | D30: 8 | E30: 5 | F30: 4257 | G30: 534843 | H30: 254 | I30: 326 | J30: 254 | K30: 678 | L30: 21 | M30: 1 | N30: 16500 | O30: 20
C31: 2 | D31: 6 | E31: 3 | F31: 2677 | G31: 579543 | H31: 0 | I31: 72 | J31: 0 | K31: 738 | L31: 13
C32: 3 | D32: 5 | E32: 0 | F32: 3705 | G32: 428422 | H32: 121 | I32: 193 | J32: 121 | K32: 509 | L32: 19
C33: 4 | D33: 37 | E33: 32 | F33: 2688 | G33: 538144 | H33: 436 | I33: 508 | J33: 436 | K33: 923 | L33: 13
C34: 5 | D34: 9 | E34: 37 | F34: 4417 | G34: 603291 | H34: 446 | I34: 518 | J34: 446 | K34: 986 | L34: 22
C35: 6 | D35: 25 | E35: 5 | F35: 2380 | G35: 367167 | H35: 0 | I35: 72 | J35: 0 | K35: 359 | L35: 12
C36: 7 | D36: 13 | E36: 34 | F36: 3878 | G36: 632723 | H36: 111 | I36: 183 | J36: 111 | K36: 873 | L36: 19
C37: 8 | D37: 4 | E37: 30 | F37: 2371 | G37: 322685 | H37: 150 | I37: 222 | J37: 150 | K37: 924 | L37: 12
B39: Example Number | C39: Cargo Number | D39: Pickup Port Number | E39: Delivcery Port Number | F39: Cargo Weight | G39: Cargo Revenue | H39: LBPTW | I39: UBPTW | J39: LBDTW | K39: UBDTW | L39: Service Time | M39: Ship Number | N39: Ship Capacity | O39: Home Port
B40: V3_C3_O4 | C40: 0 | D40: 20 | E40: 17 | F40: 1531 | G40: 505991 | H40: 0 | I40: 72 | J40: 0 | K40: 526 | L40: 8 | M40: 0 | N40: 13200 | O40: 2
C41: 1 | D41: 13 | E41: 33 | F41: 2642 | G41: 575988 | H41: 457 | I41: 529 | J41: 457 | K41: 981 | L41: 13 | M41: 1 | N41: 16500 | O41: 20
C42: 2 | D42: 5 | E42: 28 | F42: 2278 | G42: 493678 | H42: 64 | I42: 136 | J42: 64 | K42: 559 | L42: 11 | M42: 2 | N42: 16500 | O42: 16
C43: 3 | D43: 10 | E43: 24 | F43: 2407 | G43: 254052 | H43: 0 | I43: 72 | J43: 0 | K43: 377 | L43: 12
C44: 4 | D44: 36 | E44: 5 | F44: 2192 | G44: 722230 | H44: 154 | I44: 226 | J44: 154 | K44: 747 | L44: 11
C45: 5 | D45: 0 | E45: 5 | F45: 3063 | G45: 262411 | H45: 0 | I45: 72 | J45: 0 | K45: 416 | L45: 15
C46: 6 | D46: 21 | E46: 38 | F46: 3385 | G46: 676145 | H46: 24 | I46: 96 | J46: 24 | K46: 594 | L46: 17
B48: Example Number | C48: Cargo Number | D48: Pickup Port Number | E48: Delivcery Port Number | F48: Cargo Weight | G48: Cargo Revenue | H48: LBPTW | I48: UBPTW | J48: LBDTW | K48: UBDTW | L48: Service Time | M48: Ship Number | N48: Ship Capacity | O48: Home Port
B49: V3_C3_O6 | C49: 0 | D49: 15 | E49: 34 | F49: 1938 | G49: 810274 | H49: 0 | I49: 72 | J49: 0 | K49: 724 | L49: 10 | M49: 0 | N49: 13200 | O49: 2
C50: 1 | D50: 28 | E50: 16 | F50: 2751 | G50: 702832 | H50: 39 | I50: 111 | J50: 39 | K50: 646 | L50: 14 | M50: 1 | N50: 16500 | O50: 20
C51: 2 | D51: 36 | E51: 22 | F51: 4309 | G51: 929446 | H51: 370 | I51: 442 | J51: 370 | K51: 1113 | L51: 22 | M51: 2 | N51: 16500 | O51: 16
C52: 3 | D52: 11 | E52: 8 | F52: 3677 | G52: 410951 | H52: 163 | I52: 235 | J52: 163 | K52: 706 | L52: 18
C53: 4 | D53: 26 | E53: 2 | F53: 1795 | G53: 327257 | H53: 795 | I53: 867 | J53: 795 | K53: 1230 | L53: 9
C54: 5 | D54: 16 | E54: 29 | F54: 2314 | G54: 398794 | H54: 0 | I54: 72 | J54: 0 | K54: 520 | L54: 12
C55: 6 | D55: 4 | E55: 38 | F55: 1630 | G55: 620660 | H55: 0 | I55: 72 | J55: 0 | K55: 544 | L55: 8
C56: 7 | D56: 18 | E56: 23 | F56: 2045 | G56: 392525 | H56: 241 | I56: 313 | J56: 241 | K56: 763 | L56: 10
C57: 8 | D57: 0 | E57: 16 | F57: 3016 | G57: 303903 | H57: 739 | I57: 811 | J57: 739 | K57: 1118 | L57: 15
B59: Example Number | C59: Cargo Number | D59: Pickup Port Number | E59: Delivcery Port Number | F59: Cargo Weight | G59: Cargo Revenue | H59: LBPTW | I59: UBPTW | J59: LBDTW | K59: UBDTW | L59: Service Time | M59: Ship Number | N59: Ship Capacity | O59: Home Port
B60: V3_C6_O4 | C60: 0 | D60: 24 | E60: 12 | F60: 2216 | G60: 353362 | H60: 268 | I60: 340 | J60: 268 | K60: 978 | L60: 11 | M60: 0 | N60: 13200 | O60: 2
C61: 1 | D61: 8 | E61: 5 | F61: 4257 | G61: 437432 | H61: 242 | I61: 314 | J61: 242 | K61: 789 | L61: 21 | M61: 1 | N61: 16500 | O61: 20
C62: 2 | D62: 6 | E62: 3 | F62: 2677 | G62: 551956 | H62: 44 | I62: 116 | J62: 44 | K62: 818 | L62: 13 | M62: 2 | N62: 16500 | O62: 16
C63: 3 | D63: 5 | E63: 0 | F63: 3705 | G63: 298881 | H63: 79 | I63: 151 | J63: 79 | K63: 491 | L63: 19
C64: 4 | D64: 37 | E64: 32 | F64: 2688 | G64: 549579 | H64: 91 | I64: 163 | J64: 91 | K64: 597 | L64: 13
C65: 5 | D65: 9 | E65: 37 | F65: 4417 | G65: 436426 | H65: 574 | I65: 646 | J65: 574 | K65: 1120 | L65: 22
C66: 6 | D66: 25 | E66: 5 | F66: 2380 | G66: 321720 | H66: 38 | I66: 110 | J66: 38 | K66: 397 | L66: 12
C67: 7 | D67: 13 | E67: 34 | F67: 3878 | G67: 725873 | H67: 49 | I67: 121 | J67: 49 | K67: 976 | L67: 19
C68: 8 | D68: 4 | E68: 30 | F68: 2371 | G68: 365909 | H68: 0 | I68: 72 | J68: 0 | K68: 803 | L68: 12
C69: 9 | D69: 8 | E69: 17 | F69: 1826 | G69: 444448 | H69: 192 | I69: 264 | J69: 192 | K69: 693 | L69: 9
B71: Example Number | C71: Cargo Number | D71: Pickup Port Number | E71: Delivcery Port Number | F71: Cargo Weight | G71: Cargo Revenue | H71: LBPTW | I71: UBPTW | J71: LBDTW | K71: UBDTW | L71: Service Time | M71: Ship Number | N71: Ship Capacity | O71: Home Port
B72: V3_C6_O6 | C72: 0 | D72: 24 | E72: 12 | F72: 2299 | G72: 437134 | H72: 194 | I72: 230 | J72: 194 | K72: 424 | L72: 8 | M72: 0 | N72: 13200 | O72: 2
C73: 1 | D73: 8 | E73: 5 | F73: 4415 | G73: 344332 | H73: 876 | I73: 912 | J73: 876 | K73: 1135 | L73: 15 | M73: 1 | N73: 16500 | O73: 20
C74: 2 | D74: 6 | E74: 3 | F74: 2776 | G74: 507912 | H74: 106 | I74: 142 | J74: 106 | K74: 841 | L74: 9 | M74: 2 | N74: 16500 | O74: 16
C75: 3 | D75: 5 | E75: 0 | F75: 3842 | G75: 319865 | H75: 63 | I75: 99 | J75: 63 | K75: 289 | L75: 13
C76: 4 | D76: 37 | E76: 32 | F76: 2787 | G76: 414331 | H76: 156 | I76: 492 | J76: 156 | K76: 968 | L76: 9
C77: 5 | D77: 9 | E77: 37 | F77: 4581 | G77: 424443 | H77: 640 | I77: 676 | J77: 640 | K77: 954 | L77: 15
C78: 6 | D78: 25 | E78: 5 | F78: 2468 | G78: 409465 | H78: 36 | I78: 72 | J78: 36 | K78: 230 | L78: 8
C79: 7 | D79: 13 | E79: 34 | F79: 4022 | G79: 616406 | H79: 175 | I79: 211 | J79: 175 | K79: 547 | L79: 13
C80: 8 | D80: 4 | E80: 30 | F80: 2459 | G80: 355384 | H80: 506 | I80: 542 | J80: 506 | K80: 740 | L80: 8
C81: 9 | D81: 8 | E81: 17 | F81: 1894 | G81: 631364 | H81: 182 | I81: 218 | J81: 182 | K81: 487 | L81: 6
C82: 10 | D82: 6 | E82: 4 | F82: 3435 | G82: 303424 | H82: 164 | I82: 200 | J82: 164 | K82: 812 | L82: 11
C83: 11 | D83: 24 | E83: 17 | F83: 2299 | G83: 500214 | H83: 220 | I83: 256 | J83: 220 | K83: 540 | L83: 8

Sheet Large-scale example data
C1: LBPTW meas Lower Bound of Pickup Time Window | F1: UBPTW meas Upper Bound of Delivery Time Window | I1: LBDTW means Lower Bound of Delivery Time Window | M1: UBDTW means Upper Bound of Delivery Time Window
B3: Example Number | C3: Cargo Number | D3: Pickup Port Number | E3: Delivcery Port Number | F3: Cargo Weight | G3: Cargo Revenue | H3: LBPTW | I3: UBPTW | J3: LBDTW | K3: UBDTW | L3: Service Time | M3: Ship Number | N3: Ship Capacity | O3: Home Port
B4: V4_C6_O6 | C4: 0 | D4: 24 | E4: 12 | F4: 4778 | G4: 346142 | H4: 0 | I4: 72 | J4: 0 | K4: 748 | L4: 16 | M4: 0 | N4: 13200 | O4: 2
C5: 1 | D5: 8 | E5: 5 | F5: 13962 | G5: 440535 | H5: 742 | I5: 814 | J5: 742 | K5: 1312 | L5: 47 | M5: 1 | N5: 13200 | O5: 20
C6: 2 | D6: 6 | E6: 3 | F6: 6850 | G6: 431259 | H6: 223 | I6: 295 | J6: 223 | K6: 830 | L6: 23 | M6: 2 | N6: 16500 | O6: 16
C7: 3 | D7: 5 | E7: 0 | F7: 11477 | G7: 319994 | H7: 508 | I7: 580 | J7: 508 | K7: 930 | L7: 38 | M7: 3 | N7: 16500 | O7: 19
C8: 4 | D8: 37 | E8: 32 | F8: 6899 | G8: 423575 | H8: 681 | I8: 753 | J8: 681 | K8: 1160 | L8: 23
C9: 5 | D9: 9 | E9: 37 | F9: 14683 | G9: 582124 | H9: 13 | I9: 85 | J9: 13 | K9: 541 | L9: 49
C10: 6 | D10: 25 | E10: 5 | F10: 5515 | G10: 262922 | H10: 163 | I10: 235 | J10: 163 | K10: 566 | L10: 18
C11: 7 | D11: 13 | E11: 34 | F11: 12255 | G11: 718182 | H11: 1059 | I11: 1131 | J11: 1059 | K11: 1613 | L11: 41
C12: 8 | D12: 4 | E12: 30 | F12: 5476 | G12: 335936 | H12: 331 | I12: 403 | J12: 331 | K12: 757 | L12: 18
C13: 9 | D13: 8 | E13: 17 | F13: 3021 | G13: 480443 | H13: 637 | I13: 709 | J13: 637 | K13: 1188 | L13: 10
C14: 10 | D14: 6 | E14: 4 | F14: 9711 | G14: 325587 | H14: 39 | I14: 111 | J14: 39 | K14: 452 | L14: 32
C15: 11 | D15: 24 | E15: 17 | F15: 4782 | G15: 650427 | H15: 0 | I15: 72 | J15: 0 | K15: 719 | L15: 16
B17: Example Number | C17: Cargo Number | D17: Pickup Port Number | E17: Delivcery Port Number | F17: Cargo Weight | G17: Cargo Revenue | H17: LBPTW | I17: UBPTW | J17: LBDTW | K17: UBDTW | L17: Service Time | M17: Ship Number | N17: Ship Capacity | O17: Home Port
B18: V4_C6_O8 | C18: 0 | D18: 24 | E18: 12 | F18: 4778 | G18: 347833 | H18: 620 | I18: 692 | J18: 620 | K18: 1023 | L18: 16 | M18: 0 | N18: 13200 | O18: 2
C19: 1 | D19: 8 | E19: 5 | F19: 13962 | G19: 365566 | H19: 7 | I19: 279 | J19: 7 | K19: 500 | L19: 47 | M19: 1 | N19: 13200 | O19: 20
C20: 2 | D20: 6 | E20: 3 | F20: 6850 | G20: 448528 | H20: 634 | I20: 706 | J20: 634 | K20: 1104 | L20: 23 | M20: 2 | N20: 16500 | O20: 16
C21: 3 | D21: 5 | E21: 0 | F21: 11477 | G21: 532176 | H21: 0 | I21: 72 | J21: 0 | K21: 447 | L21: 38 | M21: 3 | N21: 16500 | O21: 19
C22: 4 | D22: 37 | E22: 32 | F22: 6899 | G22: 569596 | H22: 398 | I22: 470 | J22: 398 | K22: 877 | L22: 23
C23: 5 | D23: 9 | E23: 37 | F23: 14683 | G23: 472417 | H23: 465 | I23: 537 | J23: 465 | K23: 946 | L23: 49
C24: 6 | D24: 25 | E24: 5 | F24: 5515 | G24: 320980 | H24: 222 | I24: 294 | J24: 222 | K24: 876 | L24: 18
C25: 7 | D25: 13 | E25: 34 | F25: 12255 | G25: 724054 | H25: 0 | I25: 72 | J25: 0 | K25: 585 | L25: 41
C26: 8 | D26: 4 | E26: 30 | F26: 5476 | G26: 468215 | H26: 91 | I26: 163 | J26: 91 | K26: 502 | L26: 18
C27: 9 | D27: 8 | E27: 17 | F27: 3021 | G27: 455450 | H27: 298 | I27: 370 | J27: 298 | K27: 793 | L27: 10
C28: 10 | D28: 6 | E28: 4 | F28: 9711 | G28: 344116 | H28: 214 | I28: 286 | J28: 214 | K28: 630 | L28: 32
C29: 11 | D29: 24 | E29: 17 | F29: 4782 | G29: 544191 | H29: 10 | I29: 82 | J29: 10 | K29: 596 | L29: 16
C30: 12 | D30: 38 | E30: 16 | F30: 14254 | G30: 729812 | H30: 728 | I30: 800 | J30: 728 | K30: 1316 | L30: 48
C31: 13 | D31: 37 | E31: 8 | F31: 4658 | G31: 899421 | H31: 330 | I31: 402 | J31: 330 | K31: 1095 | L31: 16
B33: Example Number | C33: Cargo Number | D33: Pickup Port Number | E33: Delivcery Port Number | F33: Cargo Weight | G33: Cargo Revenue | H33: LBPTW | I33: UBPTW | J33: LBDTW | K33: UBDTW | L33: Service Time | M33: Ship Number | N33: Ship Capacity | O33: Home Port
B34: V4_C6_O10 | C34: 0 | D34: 24 | E34: 12 | F34: 4778 | G34: 345043 | H34: 612 | I34: 684 | J34: 612 | K34: 1015 | L34: 16 | M34: 0 | N34: 13200 | O34: 2
C35: 1 | D35: 8 | E35: 5 | F35: 13962 | G35: 366987 | H35: 12 | I35: 284 | J35: 12 | K35: 501 | L35: 47 | M35: 1 | N35: 13200 | O35: 20
C36: 2 | D36: 6 | E36: 3 | F36: 6850 | G36: 448674 | H36: 680 | I36: 752 | J36: 680 | K36: 1171 | L36: 23 | M36: 2 | N36: 16500 | O36: 16
C37: 3 | D37: 5 | E37: 0 | F37: 11477 | G37: 327668 | H37: 537 | I37: 609 | J37: 537 | K37: 926 | L37: 38 | M37: 3 | N37: 16500 | O37: 19
C38: 4 | D38: 37 | E38: 32 | F38: 6899 | G38: 691347 | H38: 100 | I38: 172 | J38: 100 | K38: 592 | L38: 23
C39: 5 | D39: 9 | E39: 37 | F39: 14683 | G39: 571965 | H39: 446 | I39: 518 | J39: 446 | K39: 940 | L39: 49
C40: 6 | D40: 25 | E40: 5 | F40: 5515 | G40: 284045 | H40: 315 | I40: 387 | J40: 315 | K40: 952 | L40: 18
C41: 7 | D41: 13 | E41: 34 | F41: 12255 | G41: 795457 | H41: 805 | I41: 877 | J41: 805 | K41: 1363 | L41: 41
C42: 8 | D42: 4 | E42: 30 | F42: 5476 | G42: 318781 | H42: 27 | I42: 99 | J42: 27 | K42: 484 | L42: 18
C43: 9 | D43: 8 | E43: 17 | F43: 3021 | G43: 416372 | H43: 406 | I43: 478 | J43: 406 | K43: 872 | L43: 10
C44: 10 | D44: 6 | E44: 4 | F44: 9711 | G44: 366901 | H44: 159 | I44: 231 | J44: 159 | K44: 621 | L44: 32
C45: 11 | D45: 24 | E45: 17 | F45: 4782 | G45: 597043 | H45: 384 | I45: 456 | J45: 384 | K45: 980 | L45: 16
C46: 12 | D46: 38 | E46: 16 | F46: 14254 | G46: 586409 | H46: 769 | I46: 841 | J46: 769 | K46: 1329 | L46: 48
C47: 13 | D47: 37 | E47: 8 | F47: 4658 | G47: 720345 | H47: 334 | I47: 406 | J47: 334 | K47: 1088 | L47: 16
C48: 14 | D48: 16 | E48: 14 | F48: 9545 | G48: 362981 | H48: 0 | I48: 72 | J48: 0 | K48: 420 | L48: 32
C49: 15 | D49: 14 | E49: 7 | F49: 11357 | G49: 489839 | H49: 145 | I49: 217 | J49: 145 | K49: 578 | L49: 38
B51: Example Number | C51: Cargo Number | D51: Pickup Port Number | E51: Delivcery Port Number | F51: Cargo Weight | G51: Cargo Revenue | H51: LBPTW | I51: UBPTW | J51: LBDTW | K51: UBDTW | L51: Service Time | M51: Ship Number | N51: Ship Capacity | O51: Home Port
B52: V4_C6_O12 | C52: 0 | D52: 6 | E52: 4 | F52: 9711 | G52: 327771 | H52: 183 | I52: 205 | J52: 183 | K52: 638 | L52: 32 | M52: 0 | N52: 13200 | O52: 2
C53: 1 | D53: 8 | E53: 5 | F53: 13962 | G53: 491285 | H53: 90 | I53: 112 | J53: 90 | K53: 527 | L53: 47 | M53: 1 | N53: 13200 | O53: 20
C54: 2 | D54: 38 | E54: 16 | F54: 14254 | G54: 565851 | H54: 706 | I54: 728 | J54: 706 | K54: 1322 | L54: 48 | M54: 2 | N54: 16500 | O54: 16
C55: 3 | D55: 5 | E55: 0 | F55: 11477 | G55: 310623 | H55: 438 | I55: 460 | J55: 438 | K55: 847 | L55: 38 | M55: 3 | N55: 16500 | O55: 19
C56: 4 | D56: 37 | E56: 32 | F56: 6899 | G56: 545009 | H56: 92 | I56: 114 | J56: 92 | K56: 638 | L56: 23
C57: 5 | D57: 14 | E57: 7 | F57: 11357 | G57: 302178 | H57: 90 | I57: 162 | J57: 90 | K57: 519 | L57: 38
C58: 6 | D58: 25 | E58: 5 | F58: 5515 | G58: 241446 | H58: 368 | I58: 390 | J58: 368 | K58: 1059 | L58: 18
C59: 7 | D59: 13 | E59: 34 | F59: 12255 | G59: 730463 | H59: 710 | I59: 732 | J59: 710 | K59: 1284 | L59: 41
C60: 8 | D60: 4 | E60: 30 | F60: 5476 | G60: 440484 | H60: 254 | I60: 276 | J60: 254 | K60: 721 | L60: 18
C61: 9 | D61: 8 | E61: 17 | F61: 3021 | G61: 520564 | H61: 489 | I61: 511 | J61: 489 | K61: 984 | L61: 10
C62: 10 | D62: 24 | E62: 12 | F62: 4778 | G62: 361704 | H62: 878 | I62: 900 | J62: 878 | K62: 1302 | L62: 16
C63: 11 | D63: 24 | E63: 17 | F63: 4782 | G63: 503766 | H63: 309 | I63: 331 | J63: 309 | K63: 904 | L63: 16
C64: 12 | D64: 6 | E64: 3 | F64: 6850 | G64: 430280 | H64: 774 | I64: 796 | J64: 774 | K64: 1285 | L64: 23
C65: 13 | D65: 37 | E65: 8 | F65: 4658 | G65: 927341 | H65: 598 | I65: 620 | J65: 598 | K65: 1375 | L65: 16
C66: 14 | D66: 16 | E66: 14 | F66: 9545 | G66: 329025 | H66: 250 | I66: 272 | J66: 250 | K66: 701 | L66: 32
C67: 15 | D67: 9 | E67: 37 | F67: 14683 | G67: 464805 | H67: 429 | I67: 451 | J67: 429 | K67: 950 | L67: 49
... C69: 17 | D69: 4 | E69: 13 | F69: 8859 | G69: 484543 | H69: 93 | I69: 115 | J69: 93 | K69: 522 | L69: 30
B71: Example Number | C71: Cargo Number | D71: Pickup Port Number | E71: Delivcery Port Number | F71: Cargo Weight | G71: Cargo Revenue | H71: LBPTW | I71: UBPTW | J71: LBDTW | K71: UBDTW | L71: Service Time | M71: Ship Number | N71: Ship Capacity | O71: Home Port
B72: V5_C10_O10 | C72: 0 | D72: 24 | E72: 12 | F72: 4884 | G72: 374227 | H72: 483 | I72: 555 | J72: 483 | K72: 899 | L72: 16 | M72: 0 | N72: 13200 | O72: 2
C73: 1 | D73: 8 | E73: 5 | F73: 14272 | G73: 339941 | H73: 184 | I73: 256 | J73: 184 | K73: 662 | L73: 48 | M73: 1 | N73: 13200 | O73: 20
C74: 2 | D74: 6 | E74: 3 | F74: 7002 | G74: 443541 | H74: 0 | I74: 72 | J74: 0 | K74: 478 | L74: 23 | M74: 2 | N74: 16500 | O74: 16
C75: 3 | D75: 5 | E75: 0 | F75: 11732 | G75: 340025 | H75: 1017 | I75: 1089 | J75: 1017 | K75: 1415 | L75: 39 | M75: 3 | N75: 16500 | O75: 19
C76: 4 | D76: 37 | E76: 32 | F76: 7052 | G76: 656532 | H76: 759 | I76: 831 | J76: 759 | K76: 1244 | L76: 24 | M76: 4 | N76: 16500 | O76: 20
C77: 5 | D77: 9 | E77: 37 | F77: 15009 | G77: 455609 | H77: 634 | I77: 706 | J77: 634 | K77: 1148 | L77: 50
C78: 6 | D78: 25 | E78: 5 | F78: 5637 | G78: 272875 | H78: 279 | I78: 351 | J78: 279 | K78: 703 | L78: 19
C79: 7 | D79: 13 | E79: 34 | F79: 12527 | G79: 676272 | H79: 58 | I79: 130 | J79: 58 | K79: 706 | L79: 42
C80: 8 | D80: 4 | E80: 30 | F80: 5597 | G80: 325436 | H80: 793 | I80: 865 | J80: 793 | K80: 1234 | L80: 19
C81: 9 | D81: 8 | E81: 17 | F81: 3089 | G81: 496478 | H81: 1168 | I81: 1240 | J81: 1168 | K81: 1673 | L81: 10
C82: 10 | D82: 6 | E82: 4 | F82: 9926 | G82: 422950 | H82: 123 | I82: 195 | J82: 123 | K82: 582 | L82: 33
C83: 11 | D83: 24 | E83: 17 | F83: 4888 | G83: 568597 | H83: 184 | I83: 256 | J83: 184 | K83: 1026 | L83: 16
C84: 12 | D84: 38 | E84: 16 | F84: 14570 | G84: 645661 | H84: 920 | I84: 992 | J84: 920 | K84: 1524 | L84: 49
C85: 13 | D85: 37 | E85: 8 | F85: 4762 | G85: 1012958 | H85: 577 | I85: 649 | J85: 577 | K85: 1405 | L85: 16
C86: 14 | D86: 16 | E86: 14 | F86: 9757 | G86: 364441 | H86: 1080 | I86: 1152 | J86: 1080 | K86: 1587 | L86: 33
C87: 15 | D87: 14 | E87: 7 | F87: 11610 | G87: 513001 | H87: 24 | I87: 96 | J87: 24 | K87: 446 | L87: 39
C88: 16 | D88: 34 | E88: 32 | F88: 3537 | G88: 476110 | H88: 397 | I88: 469 | J88: 397 | K88: 882 | L88: 12
... C91: 19 | D91: 28 | E91: 17 | F91: 12286 | G91: 625683 | H91: 193 | I91: 265 | J91: 193 | K91: 740 | L91: 41
B93: Example Number | C93: Cargo Number | D93: Pickup Port Number | E93: Delivcery Port Number | F93: Cargo Weight | G93: Cargo Revenue | H93: LBPTW | I93: UBPTW | J93: LBDTW | K93: UBDTW | L93: Service Time | M93: Ship Number | N93: Ship Capacity | O93: Home Port
B94: V5_C10_O12 | C94: 0 | D94: 20 | E94: 17 | F94: 2002 | G94: 607207 | H94: 1030 | I94: 1102 | J94: 1030 | K94: 1562 | L94: 7 | M94: 0 | N94: 13200 | O94: 2
C95: 1 | D95: 13 | E95: 33 | F95: 7308 | G95: 621968 | H95: 1045 | I95: 1117 | J95: 1045 | K95: 1609 | L95: 24 | M95: 1 | N95: 13200 | O95: 20
C96: 2 | D96: 5 | E96: 28 | F96: 5571 | G96: 515856 | H96: 944 | I96: 1016 | J96: 944 | K96: 1446 | L96: 19 | M96: 2 | N96: 16500 | O96: 16
C97: 3 | D97: 10 | E97: 24 | F97: 6188 | G97: 374621 | H97: 312 | I97: 384 | J97: 312 | K97: 720 | L97: 21 | M97: 3 | N97: 16500 | O97: 19
C98: 4 | D98: 36 | E98: 5 | F98: 5158 | G98: 803405 | H98: 712 | I98: 784 | J98: 712 | K98: 1279 | L98: 17 | M98: 4 | N98: 16500 | O98: 20
C99: 5 | D99: 0 | E99: 5 | F99: 9322 | G99: 358679 | H99: 733 | I99: 805 | J99: 733 | K99: 1131 | L99: 31
C100: 6 | D100: 21 | E100: 38 | F100: 10857 | G100: 747876 | H100: 489 | I100: 561 | J100: 489 | K100: 1101 | L100: 36
C101: 7 | D101: 16 | E101: 26 | F101: 5142 | G101: 228766 | H101: 609 | I101: 681 | J101: 609 | K101: 1003 | L101: 17
C102: 8 | D102: 14 | E102: 18 | F102: 9705 | G102: 224382 | H102: 544 | I102: 616 | J102: 544 | K102: 928 | L102: 32
C103: 9 | D103: 8 | E103: 13 | F103: 13913 | G103: 425870 | H103: 248 | I103: 320 | J103: 248 | K103: 737 | L103: 46
C104: 10 | D104: 3 | E104: 0 | F104: 6229 | G104: 546985 | H104: 915 | I104: 987 | J104: 915 | K104: 1466 | L104: 21
C105: 11 | D105: 16 | E105: 17 | F105: 8398 | G105: 403890 | H105: 272 | I105: 344 | J105: 272 | K105: 717 | L105: 28
C106: 12 | D106: 29 | E106: 22 | F106: 5287 | G106: 389666 | H106: 763 | I106: 835 | J106: 763 | K106: 1234 | L106: 18
C107: 13 | D107: 2 | E107: 20 | F107: 12953 | G107: 444987 | H107: 86 | I107: 158 | J107: 86 | K107: 619 | L107: 43
C108: 14 | D108: 36 | E108: 16 | F108: 10597 | G108: 1097640 | H108: 679 | I108: 751 | J108: 679 | K108: 1347 | L108: 35
C109: 15 | D109: 2 | E109: 14 | F109: 9163 | G109: 377395 | H109: 31 | I109: 103 | J109: 31 | K109: 410 | L109: 31
...

Sheet Fuel Consumption
B3: Fuel Type | C3: Price/USD
B4: MGO | C4: 650
B5: VLSFO | C5: 350
B8: Speed/knot | C8: 14 | D8: 15 | E8: 16 | F8: 17 | G8: 18 | H8: 19 | I8: 20 | J8: 21 | K8: 22
B9: Fuel consumption per unit distance/tons | C9: 0.1694 | D9: 0.1723 | E9: 0.1824 | F9: 0.1997 | G9: 0.2242 | H9: 0.2559 | I9: 0.2948 | J9: 0.3409 | K9: 0.3942
